id,water,water--adjust,water/area_norm,uv,UV adjust,area,fertilizer_usage,Fret_use_norm,yield,pesticides,Pest_norm,region,categories, Y/area , Y/area_norm,ADDED Cost Values,ADDED Cost Values_norm,Profit ratio
939,6.69,6.69,43%,106.31,106.31,7.92,0,0,37.58,1.81,0.19,0,"c,a",4.75,26%,0.62,20%,6%
586,,10.00,65%,91.22,91.22,8.43,2,0.4,67.32,2.93,0.31,0,"c,a",7.99,52%,1.36,51%,0%
747,8.13,8.13,53%,90.75,90.75,6.99,0,0,39.96,5.79,0.61,0,"d,a,b",5.72,34%,1.14,42%,-8%
518,6.11,6.11,40%,89.28,89.28,7.37,1,0.2,37.24,0.32,0.03,0,"c,b,d",5.06,29%,0.63,20%,8%
313,5.35,5.35,35%,88.70,88.70,10.87,1,0.2,81.48,3.72,0.39,0,"b,a,d",7.50,48%,0.93,33%,14%
281,8.19,8.19,53%,88.43,88.43,9.37,1,0.2,49.11,1.05,0.11,0,c,5.24,30%,0.84,30%,1%
754,5.44,5.44,35%,86.77,86.77,10.81,2,0.4,61.33,7.01,0.73,0,c,5.68,34%,1.49,57%,-23%
33,8.11,8.11,53%,85.45,85.45,4.06,3,0.6,36.95,1.68,0.17,0,"d,a",9.11,60%,1.30,49%,11%
757,5.88,5.88,38%,85.24,85.24,8.62,3,0.6,85.42,3.56,0.37,0,"b,c",9.91,66%,1.35,51%,15%
828,7.46,7.46,49%,85.17,85.17,5.56,3,0.6,46.62,2.55,0.27,0,"b,c,d,a",8.39,55%,1.35,51%,4%
852,3.91,3.91,25%,83.25,83.25,6.01,3,0.6,44.04,1.22,0.13,0,"b,a",7.33,46%,0.98,35%,11%
239,8.90,8.90,58%,83.00,83.00,10.30,2,0.4,71.45,6.44,0.68,0,"a,c,b,d",6.94,43%,1.66,64%,-20%
45,,6.00,39%,82.68,82.68,9.11,2,0.4,68.50,0.24,0.02,0,"d,b",7.52,48%,0.81,28%,20%
880,4.17,4.17,27%,81.74,81.74,9.81,1,0.2,74.99,3.66,0.38,0,a,7.65,49%,0.85,30%,19%
49,0.14,0.14,0%,80.46,80.46,7.53,1,0.2,60.10,4.05,0.42,0,"c,a",7.98,52%,0.62,20%,31%
338,3.47,3.47,22%,,80.00,5.47,1,0.2,43.15,4.32,0.45,0,"a,d",7.88,51%,0.87,31%,20%
562,2.82,2.82,18%,,80.00,6.55,3,0.6,57.88,3.30,0.35,0,a,8.84,58%,1.12,41%,17%
963,6.78,6.78,44%,79.16,79.16,7.63,4,0.8,96.62,4.41,0.46,0,"d,b",12.67,88%,1.70,66%,22%
564,5.92,5.92,38%,78.74,78.74,5.25,2,0.4,29.51,1.14,0.12,0,b,5.63,33%,0.90,32%,1%
204,3.68,3.68,23%,78.56,78.56,11.49,3,0.6,109.15,4.98,0.52,0,c,9.50,63%,1.36,51%,12%
303,,6.00,39%,77.62,77.62,6.82,1,0.2,30.97,1.50,0.16,0,"a,c,b,d",4.54,25%,0.74,25%,-1%
980,5.65,5.65,37%,77.57,77.57,7.87,2,0.4,61.10,2.25,0.23,0,b,7.77,50%,1.00,36%,14%
18,,7.00,46%,77.43,77.43,6.78,0,0,38.77,4.90,0.51,0,"b,d,a",5.72,34%,0.97,35%,-1%
437,6.63,6.63,43%,75.64,75.64,9.90,0,0,43.65,5.10,0.53,0,b,4.41,24%,0.96,35%,-11%
343,5.14,5.14,33%,75.32,75.32,5.83,1,0.2,50.17,2.46,0.26,0,c,8.60,56%,0.79,27%,29%
859,9.29,9.29,61%,73.87,73.87,7.88,4,0.8,96.32,3.09,0.32,0,"c,b,d",12.22,84%,1.73,67%,17%
424,7.43,7.43,48%,73.78,73.78,8.06,2,0.4,68.63,3.61,0.38,0,"b,a",8.52,56%,1.26,47%,8%
312,,3.00,19%,73.67,73.67,9.93,4,0.8,100.22,6.92,0.73,0,d,10.09,68%,1.72,66%,1%
476,7.44,7.44,48%,73.32,73.32,9.08,0,0,23.01,7.20,0.75,0,"c,a,d",2.53,9%,1.24,46%,-37%
644,8.23,8.23,54%,72.97,72.97,8.35,5,1,111.40,4.48,0.47,0,b,13.34,93%,2.01,79%,14%
121,11.24,11.24,74%,72.49,72.49,6.01,4,0.8,69.88,2.58,0.27,0,"b,c",11.63,80%,1.81,70%,10%
77,2.94,2.94,19%,72.10,72.10,9.67,2,0.4,68.14,2.14,0.22,0,d,7.04,44%,0.81,28%,16%
941,9.70,9.70,63%,71.77,71.77,4.13,2,0.4,29.67,2.08,0.22,0,"b,c,a,d",7.18,45%,1.25,47%,-1%
559,5.36,5.36,35%,71.02,71.02,7.16,2,0.4,60.97,3.02,0.32,0,"c,a,d,b",8.51,56%,1.06,39%,17%
952,,8.00,52%,70.48,70.48,6.90,0,0,39.18,5.04,0.53,0,"c,a,b,d",5.68,34%,1.05,38%,-5%
256,7.97,7.97,52%,70.29,70.29,4.21,3,0.6,36.23,1.77,0.18,0,"b,c",8.61,56%,1.30,49%,7%
528,4.26,4.26,27%,,70.00,4.09,4,0.8,35.52,0.74,0.08,0,"b,c,a",8.69,57%,1.15,42%,15%
433,6.43,6.43,42%,,70.00,7.11,3,0.6,69.17,3.76,0.39,0,"b,d,c",9.74,65%,1.41,54%,12%
333,4.97,4.97,32%,68.93,68.93,9.67,2,0.4,68.25,2.31,0.24,0,"c,b,d,a",7.06,44%,0.96,35%,10%
417,4.10,4.10,26%,68.33,68.33,8.38,3,0.6,52.88,0.34,0.03,0,"b,d,c",6.31,39%,0.90,32%,7%
264,4.49,4.49,29%,68.27,68.27,9.97,1,0.2,78.11,3.98,0.42,0,"b,d,c,a",7.83,50%,0.90,32%,18%
920,4.38,4.38,28%,68.23,68.23,6.34,0,0,40.60,5.28,0.55,0,"b,c,a",6.40,39%,0.83,29%,10%
351,3.82,3.82,24%,66.14,66.14,6.26,0,0,32.39,0.95,0.10,0,"d,b,c",5.17,30%,0.34,8%,21%
169,5.62,5.62,36%,65.28,65.28,3.23,0,0,7.98,8.97,0.94,0,"b,a,c",2.47,9%,1.30,49%,-40%
165,11.48,11.48,75%,65.27,65.27,2.80,4,0.8,31.44,2.33,0.24,0,"c,b",11.24,77%,1.80,70%,7%
521,8.94,8.94,58%,65.22,65.22,3.33,3,0.6,44.24,4.75,0.50,0,d,13.30,93%,1.68,65%,28%
13,9.86,9.86,64%,64.77,64.77,7.72,4,0.8,109.85,3.60,0.38,0,d,14.23,100%,1.82,71%,29%
293,9.35,9.35,61%,64.72,64.72,2.80,2,0.4,28.07,1.26,0.13,0,d,10.03,67%,1.14,42%,25%
226,6.15,6.15,40%,64.56,64.56,7.05,3,0.6,80.94,4.84,0.51,0,"a,c,d,b",11.48,79%,1.51,58%,21%
62,1.27,1.27,8%,64.26,64.26,5.41,2,0.4,61.04,1.82,0.19,0,"c,a",11.29,77%,0.66,22%,55%
479,4.22,4.22,27%,64.05,64.05,6.50,1,0.2,41.14,0.91,0.09,0,"b,c,a,d",6.33,39%,0.56,18%,21%
771,9.83,9.83,64%,63.16,63.16,6.07,1,0.2,71.58,5.25,0.55,0,a,11.80,81%,1.39,53%,28%
152,5.67,5.67,37%,60.04,60.04,2.86,2,0.4,23.02,7.42,0.78,0,"d,a",8.04,52%,1.55,59%,-7%
10,7.97,7.97,52%,,60.00,5.41,1,0.2,29.14,0.27,0.03,0,"c,d",5.39,31%,0.75,25%,6%
896,4.85,4.85,31%,59.94,59.94,7.39,1,0.2,51.40,5.02,0.53,0,"b,c,a",6.96,44%,1.04,38%,6%
26,6.62,6.62,43%,56.94,56.94,9.59,2,0.4,71.72,2.23,0.23,0,"c,b",7.48,48%,1.06,39%,9%
885,8.48,8.48,55%,54.95,54.95,7.69,4,0.8,78.85,1.38,0.14,0,"c,b",10.25,69%,1.50,57%,12%
428,9.43,9.43,62%,52.13,52.13,9.54,1,0.2,84.86,3.98,0.42,0,"c,b,a",8.90,59%,1.23,46%,13%
597,8.71,8.71,57%,51.02,51.02,6.06,3,0.6,53.14,0.38,0.04,0,"c,a",8.76,58%,1.21,45%,13%
403,9.18,9.18,60%,,100.00,4.99,2,0.4,52.43,1.50,0.16,1,a,10.52,71%,1.16,43%,28%
916,7.51,7.51,49%,99.14,99.14,10.34,4,0.8,129.11,3.35,0.35,1,"b,d",12.49,87%,1.64,63%,23%
86,,7.00,46%,98.03,98.03,8.18,3,0.6,68.30,0.59,0.06,1,b,8.35,54%,1.12,41%,13%
786,4.97,4.97,32%,97.61,97.61,8.41,0,0,59.65,4.80,0.50,1,"a,d,b",7.10,45%,0.82,29%,16%
69,6.53,6.53,42%,95.81,95.81,7.96,4,0.8,92.92,3.04,0.32,1,"a,b,c",11.67,80%,1.54,59%,21%
506,7.28,7.28,47%,94.91,94.91,4.76,0,0,24.63,2.98,0.31,1,"b,c,d",5.17,30%,0.79,27%,3%
603,2.67,2.67,17%,94.87,94.87,10.00,2,0.4,79.74,2.90,0.30,1,"c,a,d",7.97,51%,0.87,31%,21%
453,5.15,5.15,33%,94.31,94.31,12.08,0,0,77.51,5.12,0.54,1,c,6.42,39%,0.87,31%,9%
128,3.28,3.28,21%,94.27,94.27,8.42,1,0.2,33.21,0.90,0.09,1,"d,b,c",3.94,20%,0.50,15%,5%
537,6.73,6.73,44%,93.95,93.95,5.87,3,0.6,64.85,3.33,0.35,1,d,11.05,75%,1.39,52%,23%
259,7.46,7.46,49%,93.40,93.40,4.68,3,0.6,43.32,3.18,0.33,1,"b,c,a",9.26,61%,1.42,54%,8%
294,9.19,9.19,60%,93.32,93.32,10.68,5,1,117.12,6.79,0.71,1,"a,c,b",10.96,75%,2.31,92%,-17%
764,5.49,5.49,35%,92.01,92.01,3.88,0,0,17.27,0.77,0.08,1,"b,c,d",4.45,24%,0.43,12%,12%
846,11.35,11.35,74%,91.34,91.34,8.80,3,0.6,59.19,9.53,1.00,1,d,6.73,42%,2.34,93%,-51%
379,8.16,8.16,53%,91.24,91.24,6.22,4,0.8,59.74,6.28,0.66,1,"b,d,c",9.61,64%,1.99,78%,-14%
669,8.34,8.34,54%,91.04,91.04,6.05,2,0.4,35.96,0.95,0.10,1,b,5.95,36%,1.04,38%,-2%
364,,3.00,19%,90.73,90.73,9.73,2,0.4,57.76,6.69,0.70,1,"b,a,c",5.94,36%,1.29,48%,-13%
583,7.70,7.70,50%,90.70,90.70,8.90,1,0.2,50.25,1.94,0.20,1,"b,c",5.64,33%,0.90,32%,1%
383,6.55,6.55,43%,90.50,90.50,10.50,3,0.6,90.57,2.60,0.27,1,"c,a",8.63,57%,1.30,49%,8%
633,5.18,5.18,33%,88.74,88.74,11.15,2,0.4,79.97,2.68,0.28,1,"b,c,d,a",7.17,45%,1.01,37%,8%
525,1.84,1.84,11%,88.44,88.44,8.89,3,0.6,94.18,5.29,0.55,1,"d,b",10.59,72%,1.27,47%,24%
882,11.26,11.26,74%,87.95,87.95,8.70,3,0.6,88.47,2.23,0.23,1,"c,b",10.17,68%,1.57,60%,8%
441,5.65,5.65,37%,87.53,87.53,8.65,1,0.2,54.42,5.45,0.57,1,"d,b",6.29,38%,1.14,42%,-4%
923,12.37,12.37,81%,86.84,86.84,8.34,2,0.4,50.20,8.54,0.90,1,d,6.02,36%,2.11,83%,-47%
260,8.15,8.15,53%,86.38,86.38,7.76,0,0,40.45,4.88,0.51,1,"b,d,c",5.21,30%,1.04,38%,-8%
415,5.46,5.46,35%,85.87,85.87,5.48,2,0.4,45.01,3.64,0.38,1,"c,b,a",8.22,53%,1.13,42%,11%
494,5.29,5.29,34%,85.36,85.36,8.30,3,0.6,75.17,4.81,0.50,1,c,9.05,60%,1.45,55%,5%
783,7.24,7.24,47%,84.57,84.57,6.33,3,0.6,32.75,8.99,0.94,1,"c,b,d",5.18,30%,2.01,79%,-49%
96,12.11,12.11,79%,83.76,83.76,7.39,5,1,74.55,0.34,0.03,1,"d,b,c,a",10.09,68%,1.83,71%,-3%
672,4.49,4.49,29%,83.68,83.68,8.21,1,0.2,47.71,2.30,0.24,1,"d,b",5.81,35%,0.73,25%,10%
707,9.84,9.84,64%,83.16,83.16,6.69,1,0.2,57.30,2.57,0.27,1,"c,a",8.56,56%,1.11,41%,15%
488,4.33,4.33,28%,82.99,82.99,8.30,1,0.2,38.58,1.66,0.17,1,"c,a,d",4.65,26%,0.65,21%,4%
505,11.27,11.27,74%,82.49,82.49,6.21,3,0.6,60.08,6.35,0.67,1,"a,b,c",9.68,65%,2.00,79%,-14%
816,5.89,5.89,38%,82.40,82.40,8.32,1,0.2,56.46,5.50,0.58,1,b,6.78,42%,1.16,43%,-1%
206,4.89,4.89,32%,82.06,82.06,8.03,1,0.2,63.38,4.62,0.48,1,c,7.90,51%,1.00,36%,15%
133,9.65,9.65,63%,81.80,81.80,10.12,2,0.4,111.37,4.06,0.42,1,"d,a",11.00,75%,1.46,55%,20%
89,4.64,4.64,30%,81.62,81.62,7.50,3,0.6,72.57,3.34,0.35,1,"c,b",9.68,65%,1.25,47%,18%
386,8.71,8.71,57%,81.12,81.12,9.66,5,1,104.64,0.94,0.10,1,"d,b,a",10.84,74%,1.67,64%,9%
97,2.83,2.83,18%,80.21,80.21,4.98,4,0.8,46.17,1.24,0.13,1,"b,a,d,c",9.26,61%,1.11,41%,21%
336,0.84,0.84,5%,80.15,80.15,6.62,1,0.2,52.92,3.41,0.36,1,b,7.99,52%,0.60,19%,32%
46,11.53,11.53,76%,80.12,80.12,5.94,4,0.8,57.66,0.48,0.05,1,"d,b,a,c",9.71,65%,1.60,62%,3%
308,1.88,1.88,12%,,80.00,7.27,0,0,27.60,6.63,0.69,1,"d,c,b",3.80,19%,0.81,28%,-9%
808,8.76,8.76,57%,,80.00,3.59,3,0.6,39.68,0.84,0.09,1,a,11.06,75%,1.26,47%,28%
141,2.45,2.45,15%,,80.00,8.04,0,0,46.29,1.96,0.20,1,c,5.76,34%,0.36,9%,25%
400,9.75,9.75,64%,,80.00,5.45,4,0.8,59.17,1.95,0.20,1,"a,d,b",10.86,74%,1.64,63%,11%
657,3.83,3.83,24%,,80.00,9.91,2,0.4,66.04,6.61,0.69,1,"d,b",6.67,41%,1.34,50%,-9%
443,11.47,11.47,75%,,80.00,7.09,4,0.8,81.98,3.63,0.38,1,c,11.56,79%,1.93,76%,4%
713,,5.00,32%,79.85,79.85,9.35,3,0.6,76.06,2.46,0.26,1,c,8.14,53%,1.18,44%,9%
840,2.96,2.96,19%,79.70,79.70,10.63,1,0.2,73.44,3.13,0.33,1,"c,a",6.91,43%,0.71,24%,19%
696,1.34,1.34,8%,79.69,79.69,11.45,3,0.6,106.15,2.88,0.30,1,d,9.27,62%,0.98,35%,26%
881,7.14,7.14,46%,79.60,79.60,8.03,0,0,44.14,2.56,0.27,1,a,5.50,32%,0.73,25%,7%
998,9.16,9.16,60%,79.26,79.26,9.01,2,0.4,80.40,5.97,0.63,1,"d,c,b,a",8.92,59%,1.62,63%,-4%
167,8.28,8.28,54%,79.21,79.21,8.25,2,0.4,43.32,8.00,0.84,1,"b,c,d",5.25,30%,1.78,69%,-39%
2,9.73,9.73,64%,78.51,78.51,7.19,1,0.2,63.39,2.46,0.26,1,d,8.82,58%,1.09,40%,18%
334,13.47,13.47,88%,78.35,78.35,5.09,4,0.8,63.19,3.60,0.38,1,"a,b,c",12.43,86%,2.06,81%,5%
629,5.93,5.93,38%,78.28,78.28,4.07,0,0,27.86,3.98,0.42,1,"b,c",6.84,43%,0.80,28%,15%
708,5.27,5.27,34%,78.05,78.05,8.31,1,0.2,68.99,3.78,0.40,1,"b,c,a,d",8.30,54%,0.94,33%,21%
99,1.49,1.49,9%,78.03,78.03,6.07,3,0.6,66.60,2.98,0.31,1,b,10.98,75%,1.00,36%,39%
205,2.29,2.29,14%,77.89,77.89,9.70,0,0,26.22,0.03,0.00,1,"c,a,b",2.70,11%,0.14,0%,11%
350,7.38,7.38,48%,77.63,77.63,9.31,1,0.2,54.84,6.15,0.64,1,"c,a,b",5.89,35%,1.33,50%,-15%
475,11.47,11.47,75%,77.54,77.54,6.85,3,0.6,73.74,5.27,0.55,1,"b,c",10.77,73%,1.90,74%,-1%
584,5.75,5.75,37%,77.29,77.29,7.91,0,0,49.86,3.21,0.34,1,b,6.30,39%,0.71,24%,15%
168,2.50,2.50,16%,76.86,76.86,5.21,2,0.4,30.04,7.11,0.75,1,a,5.76,34%,1.30,49%,-15%
961,7.51,7.51,49%,76.65,76.65,5.88,4,0.8,75.18,4.04,0.42,1,d,12.79,89%,1.71,66%,22%
444,8.44,8.44,55%,76.46,76.46,6.74,4,0.8,71.19,6.08,0.64,1,"d,c,b",10.56,72%,1.99,78%,-6%
377,5.98,5.98,39%,76.38,76.38,9.25,1,0.2,73.22,4.25,0.44,1,"c,a,d",7.91,51%,1.03,38%,13%
388,4.53,4.53,29%,76.14,76.14,8.06,1,0.2,45.03,6.72,0.70,1,"d,a",5.59,33%,1.20,44%,-11%
607,1.93,1.93,12%,76.11,76.11,4.49,5,1,55.40,5.71,0.60,1,"d,b,c",12.35,85%,1.72,66%,19%
93,2.17,2.17,13%,75.76,75.76,6.86,0,0,61.07,3.86,0.40,1,"b,d",8.91,59%,0.54,17%,42%
876,3.91,3.91,25%,75.75,75.75,5.60,1,0.2,43.30,3.97,0.42,1,"b,d,c,a",7.73,50%,0.87,30%,19%
826,2.14,2.14,13%,75.63,75.63,4.47,0,0,30.81,5.95,0.62,1,"b,c",6.89,43%,0.76,26%,17%
558,1.29,1.29,8%,75.50,75.50,10.32,3,0.6,108.96,5.52,0.58,1,"d,b,c,a",10.56,71%,1.25,47%,25%
958,1.69,1.69,10%,75.25,75.25,6.52,5,1,88.76,3.67,0.38,1,d,13.61,95%,1.49,57%,38%
511,6.58,6.58,43%,75.19,75.19,4.35,0,0,15.56,1.53,0.16,1,b,3.57,17%,0.59,19%,-1%
628,8.57,8.57,56%,75.09,75.09,3.87,5,1,47.96,5.68,0.60,1,"d,c,a",12.40,86%,2.15,85%,1%
272,7.99,7.99,52%,74.77,74.77,6.83,5,1,74.09,0.97,0.10,1,"c,b,d",10.85,74%,1.62,62%,11%
627,1.65,1.65,10%,74.20,74.20,4.12,3,0.6,34.40,0.25,0.02,1,"d,a,c,b",8.36,54%,0.72,25%,30%
217,7.31,7.31,48%,74.16,74.16,10.59,2,0.4,82.92,1.73,0.18,1,"d,a,b,c",7.83,50%,1.06,39%,12%
315,6.37,6.37,41%,74.14,74.14,8.14,4,0.8,97.36,2.85,0.30,1,"a,c,b",11.96,82%,1.51,58%,25%
534,7.62,7.62,50%,73.94,73.94,8.81,2,0.4,81.94,2.30,0.24,1,"d,a,b",9.30,62%,1.14,42%,20%
684,5.59,5.59,36%,73.91,73.91,6.45,1,0.2,32.57,0.99,0.10,1,"b,d",5.05,29%,0.66,22%,7%
115,7.60,7.60,49%,73.85,73.85,6.85,4,0.8,82.60,3.11,0.32,1,"a,c,b,d",12.06,83%,1.62,62%,21%
810,7.72,7.72,50%,73.42,73.42,7.20,0,0,42.19,3.45,0.36,1,d,5.86,35%,0.86,30%,5%
529,6.85,6.85,45%,73.19,73.19,9.64,2,0.4,65.54,2.30,0.24,1,b,6.80,42%,1.09,40%,3%
195,7.23,7.23,47%,73.03,73.03,6.91,1,0.2,57.94,4.60,0.48,1,"a,c,d",8.39,55%,1.15,43%,12%
944,4.53,4.53,29%,73.02,73.02,8.28,1,0.2,30.99,0.74,0.08,1,b,3.74,19%,0.57,18%,1%
280,0.54,0.54,3%,72.86,72.86,10.35,1,0.2,48.79,0.82,0.09,1,"c,d,a",4.71,26%,0.31,7%,19%
131,9.46,9.46,62%,72.63,72.63,7.08,4,0.8,70.96,1.04,0.11,1,a,10.03,67%,1.53,58%,9%
903,7.38,7.38,48%,72.25,72.25,6.79,2,0.4,35.20,0.63,0.06,1,c,5.19,30%,0.94,34%,-4%
322,5.91,5.91,38%,71.87,71.87,7.33,3,0.6,60.63,6.69,0.70,1,"c,a,d",8.27,54%,1.68,65%,-11%
835,8.90,8.90,58%,71.59,71.59,8.91,1,0.2,81.53,3.39,0.36,1,"a,c,b",9.15,61%,1.14,42%,19%
230,7.86,7.86,51%,71.26,71.26,6.95,5,1,90.60,5.13,0.54,1,a,13.03,91%,2.05,81%,10%
423,4.41,4.41,28%,71.24,71.24,6.39,1,0.2,51.49,3.78,0.40,1,b,8.06,52%,0.88,31%,21%
193,7.97,7.97,52%,70.43,70.43,6.52,5,1,74.87,1.72,0.18,1,"d,b,c",11.49,79%,1.70,66%,13%
814,,10.00,65%,70.42,70.42,10.01,4,0.8,99.13,7.31,0.77,1,"b,a,c,d",9.90,66%,2.22,88%,-21%
643,2.76,2.76,17%,70.31,70.31,6.50,2,0.4,56.73,4.14,0.43,1,"b,a,c",8.73,57%,1.01,36%,21%
329,2.89,2.89,18%,70.07,70.07,7.39,1,0.2,38.60,1.19,0.12,1,c,5.22,30%,0.51,15%,15%
909,8.60,8.60,56%,69.93,69.93,8.62,1,0.2,62.41,4.48,0.47,1,"b,d,c",7.24,46%,1.23,46%,0%
650,2.69,2.69,17%,69.42,69.42,4.04,3,0.6,27.84,7.26,0.76,1,c,6.89,43%,1.53,59%,-16%
765,3.99,3.99,26%,69.15,69.15,5.93,1,0.2,41.95,3.76,0.39,1,c,7.07,44%,0.85,30%,15%
536,9.43,9.43,62%,68.50,68.50,8.62,2,0.4,108.66,3.32,0.35,1,d,12.60,87%,1.36,52%,36%
212,7.31,7.31,48%,68.48,68.48,6.07,2,0.4,38.92,1.19,0.12,1,"b,a",6.41,39%,1.00,36%,3%
947,7.79,7.79,51%,68.07,68.07,9.25,1,0.2,42.93,7.35,0.77,1,"c,a,d",4.64,26%,1.48,56%,-31%
406,6.48,6.48,42%,67.67,67.67,6.89,0,0,51.02,3.47,0.36,1,"a,c,b,d",7.41,47%,0.78,27%,20%
151,7.67,7.67,50%,67.44,67.44,6.86,3,0.6,61.33,1.76,0.18,1,"d,c,a",8.94,59%,1.28,48%,11%
375,8.27,8.27,54%,67.42,67.42,6.59,4,0.8,72.37,5.11,0.54,1,"c,b,d,a",10.99,75%,1.87,73%,2%
545,,8.00,52%,66.94,66.94,10.02,2,0.4,47.70,8.27,0.87,1,"b,d,a",4.76,27%,1.79,70%,-43%
594,15.21,15.21,100%,66.90,66.90,8.44,3,0.6,86.74,1.91,0.20,1,"a,b,c,d",10.28,69%,1.80,70%,-1%
877,6.71,6.71,44%,66.80,66.80,8.30,1,0.2,64.01,2.04,0.21,1,"b,d,a",7.71,49%,0.85,30%,20%
798,3.33,3.33,21%,66.70,66.70,8.03,0,0,41.44,6.33,0.66,1,c,5.16,30%,0.87,31%,-1%
213,2.90,2.90,18%,66.54,66.54,8.10,0,0,40.47,3.71,0.39,1,"b,c,a",5.00,28%,0.57,18%,10%
656,5.33,5.33,34%,66.50,66.50,5.86,2,0.4,44.99,4.74,0.50,1,c,7.68,49%,1.24,46%,3%
743,3.63,3.63,23%,66.37,66.37,9.48,0,0,37.13,6.34,0.66,1,"a,c",3.92,20%,0.90,32%,-12%
287,9.28,9.28,61%,66.09,66.09,5.99,2,0.4,72.53,3.22,0.34,1,a,12.10,83%,1.34,51%,33%
523,5.94,5.94,38%,65.52,65.52,5.34,5,1,64.95,3.23,0.34,1,"c,b,d",12.16,84%,1.72,67%,17%
927,5.31,5.31,34%,65.49,65.49,5.54,3,0.6,62.84,4.03,0.42,1,a,11.35,78%,1.36,52%,26%
863,4.67,4.67,30%,65.33,65.33,6.82,0,0,39.21,6.59,0.69,1,"b,c",5.75,34%,0.99,36%,-2%
189,6.92,6.92,45%,65.29,65.29,6.30,4,0.8,52.20,0.44,0.04,1,"d,c",8.28,54%,1.29,49%,5%
897,7.29,7.29,47%,65.09,65.09,7.75,0,0,47.08,1.95,0.20,1,"b,c,d",6.08,37%,0.68,23%,14%
867,4.87,4.87,31%,65.02,65.02,7.12,4,0.8,85.68,3.87,0.41,1,"b,a,c,d",12.03,83%,1.52,58%,25%
729,3.14,3.14,20%,64.94,64.94,7.61,2,0.4,59.67,2.38,0.25,1,"d,a,c",7.84,50%,0.85,30%,21%
447,9.84,9.84,64%,64.72,64.72,6.55,4,0.8,84.29,1.95,0.20,1,d,12.86,89%,1.65,64%,26%
566,6.18,6.18,40%,64.63,64.63,7.54,3,0.6,76.69,3.91,0.41,1,"c,a",10.18,69%,1.41,53%,15%
163,,4.00,26%,64.62,64.62,3.08,3,0.6,38.08,2.27,0.24,1,"c,a",12.38,86%,1.09,40%,45%
508,6.70,6.70,44%,64.49,64.49,6.95,0,0,51.82,4.55,0.48,1,"c,b,d,a",7.46,47%,0.91,32%,15%
76,11.35,11.35,74%,64.44,64.44,5.12,1,0.2,54.99,5.47,0.57,1,a,10.75,73%,1.52,58%,15%
484,6.44,6.44,42%,63.88,63.88,8.92,5,1,111.89,4.51,0.47,1,"d,a,b",12.55,87%,1.89,74%,13%
964,6.67,6.67,43%,63.77,63.77,10.14,2,0.4,95.72,2.45,0.26,1,"a,d,b",9.44,63%,1.09,40%,23%
527,6.86,6.86,45%,63.50,63.50,9.48,3,0.6,69.40,1.50,0.16,1,"c,b",7.32,46%,1.20,45%,2%
146,1.74,1.74,11%,62.92,62.92,4.01,3,0.6,50.98,2.85,0.30,1,a,12.72,88%,1.00,36%,52%
791,3.22,3.22,20%,62.36,62.36,9.60,3,0.6,90.21,3.35,0.35,1,"c,b",9.40,62%,1.15,43%,20%
8,9.86,9.86,64%,61.68,61.68,5.24,1,0.2,57.81,5.09,0.53,1,a,11.03,75%,1.38,52%,23%
665,1.27,1.27,7%,61.54,61.54,7.95,3,0.6,103.77,2.94,0.31,1,d,13.05,91%,0.98,35%,55%
725,8.97,8.97,59%,60.70,60.70,4.74,1,0.2,41.57,0.59,0.06,1,a,8.78,58%,0.85,30%,28%
297,3.58,3.58,23%,60.38,60.38,8.74,1,0.2,45.40,1.14,0.12,1,c,5.20,30%,0.55,17%,13%
844,5.28,5.28,34%,,60.00,5.62,3,0.6,49.58,2.76,0.29,1,b,8.83,58%,1.23,46%,12%
324,9.13,9.13,60%,59.39,59.39,3.80,4,0.8,50.73,2.37,0.25,1,"a,b",13.34,93%,1.64,63%,30%
900,5.10,5.10,33%,59.37,59.37,8.27,0,0,64.58,2.89,0.30,1,"c,a",7.81,50%,0.63,21%,30%
285,12.68,12.68,83%,59.28,59.28,6.49,1,0.2,53.93,2.10,0.22,1,"d,c,b",8.31,54%,1.25,47%,7%
815,5.89,5.89,38%,58.06,58.06,10.50,0,0,74.90,2.96,0.31,1,"c,d",7.14,45%,0.69,23%,22%
634,9.91,9.91,65%,57.73,57.73,6.51,4,0.8,68.69,1.48,0.15,1,d,10.56,72%,1.60,62%,10%
986,6.92,6.92,45%,57.44,57.44,9.20,0,0,67.82,3.71,0.39,1,d,7.37,47%,0.84,29%,18%
190,1.47,1.47,9%,54.20,54.20,5.47,3,0.6,48.22,2.72,0.28,1,"b,c,a,d",8.81,58%,0.97,35%,23%
782,8.60,8.60,56%,102.49,102.49,10.01,1,0.2,85.96,3.76,0.39,2,"a,c,b,d",8.59,56%,1.15,43%,14%
940,6.76,6.76,44%,101.86,101.86,7.17,3,0.6,44.43,0.12,0.01,2,"c,a,b",6.20,38%,1.05,38%,-1%
50,6.26,6.26,41%,,100.00,6.57,0,0,11.37,7.71,0.81,2,"c,d",1.73,3%,1.21,45%,-42%
413,9.72,9.72,64%,,100.00,3.78,2,0.4,46.11,2.75,0.29,2,c,12.19,84%,1.32,50%,34%
381,6.74,6.74,44%,99.23,99.23,8.11,1,0.2,39.84,1.43,0.15,2,d,4.92,28%,0.79,27%,1%
154,2.85,2.85,18%,95.77,95.77,6.61,0,0,40.01,2.84,0.30,2,"c,a",6.05,37%,0.48,14%,23%
38,8.23,8.23,54%,94.75,94.75,11.46,2,0.4,90.76,2.93,0.31,2,"b,c",7.92,51%,1.24,46%,5%
601,8.99,8.99,59%,94.33,94.33,12.04,4,0.8,123.90,1.09,0.11,2,c,10.29,69%,1.50,57%,12%
411,2.12,2.12,13%,94.24,94.24,6.86,2,0.4,41.24,1.17,0.12,2,c,6.02,36%,0.65,21%,15%
865,8.84,8.84,58%,93.29,93.29,7.15,1,0.2,59.83,5.99,0.63,2,"d,c,a",8.37,55%,1.40,53%,1%
175,7.36,7.36,48%,93.27,93.27,11.72,0,0,51.76,0.24,0.02,2,b,4.42,24%,0.50,15%,9%
714,11.18,11.18,73%,93.07,93.07,5.33,5,1,62.24,1.87,0.19,2,d,11.68,80%,1.93,75%,5%
156,1.19,1.19,7%,92.87,92.87,8.32,3,0.6,96.52,4.91,0.51,2,"c,a,b",11.61,80%,1.18,44%,36%
613,7.50,7.50,49%,92.81,92.81,7.68,1,0.2,28.81,0.09,0.01,2,"b,d,c,a",3.75,19%,0.70,23%,-5%
314,5.76,5.76,37%,91.98,91.98,8.17,1,0.2,59.41,5.05,0.53,2,c,7.27,46%,1.10,40%,6%
513,6.33,6.33,41%,91.62,91.62,7.05,1,0.2,44.02,1.36,0.14,2,"b,d,a",6.25,38%,0.75,26%,12%
139,4.21,4.21,27%,91.60,91.60,9.15,1,0.2,61.08,4.60,0.48,2,"a,b",6.68,41%,0.95,34%,7%
662,6.66,6.66,43%,91.05,91.05,5.17,2,0.4,54.19,4.51,0.47,2,"d,b,a,c",10.49,71%,1.31,49%,22%
966,,10.00,65%,90.50,90.50,10.15,2,0.4,68.43,1.98,0.21,2,"c,b",6.74,42%,1.26,47%,-5%
221,6.18,6.18,40%,90.34,90.34,7.85,2,0.4,51.64,7.03,0.74,2,"b,c",6.58,41%,1.54,59%,-18%
493,3.89,3.89,25%,90.06,90.06,4.33,1,0.2,29.74,3.18,0.33,2,"c,b,d,a",6.88,43%,0.78,27%,16%
901,,2.00,12%,,90.00,8.33,0,0,33.78,0.32,0.03,2,"d,a",4.05,21%,0.16,0%,21%
914,5.65,5.65,37%,,90.00,5.79,3,0.6,40.08,0.76,0.08,2,c,6.92,43%,1.04,38%,5%
286,8.44,8.44,55%,,90.00,7.17,5,1,76.49,0.95,0.10,2,"a,d",10.67,72%,1.65,64%,9%
921,7.63,7.63,50%,89.94,89.94,7.09,0,0,18.41,0.12,0.01,2,b,2.60,10%,0.51,15%,-6%
635,5.16,5.16,33%,89.93,89.93,9.35,0,0,64.13,3.56,0.37,2,b,6.86,43%,0.71,24%,19%
957,8.53,8.53,56%,89.52,89.52,5.84,3,0.6,69.16,4.52,0.47,2,"c,d,a,b",11.85,82%,1.63,63%,19%
836,8.94,8.94,58%,88.83,88.83,7.83,1,0.2,65.02,6.57,0.69,2,a,8.30,54%,1.47,56%,-2%
887,8.38,8.38,55%,88.75,88.75,4.47,1,0.2,36.33,5.36,0.56,2,"c,b",8.12,53%,1.31,49%,3%
486,11.27,11.27,74%,88.43,88.43,6.00,1,0.2,50.53,2.86,0.30,2,"d,b,c,a",8.43,55%,1.24,46%,9%
397,5.89,5.89,38%,88.11,88.11,8.55,0,0,25.56,1.12,0.12,2,"d,a,c,b",2.99,13%,0.50,15%,-2%
825,12.82,12.82,84%,88.06,88.06,4.62,5,1,47.22,0.43,0.04,2,"b,c",10.21,69%,1.88,74%,-5%
617,4.49,4.49,29%,87.98,87.98,6.94,3,0.6,57.92,5.78,0.61,2,b,8.34,54%,1.49,57%,-3%
440,5.50,5.50,36%,87.68,87.68,6.54,3,0.6,56.94,2.82,0.29,2,"b,a,d",8.71,57%,1.25,47%,10%
698,4.15,4.15,27%,87.31,87.31,10.28,1,0.2,49.60,7.02,0.74,2,a,4.83,27%,1.20,45%,-18%
232,5.87,5.87,38%,87.29,87.29,5.86,3,0.6,45.25,1.57,0.16,2,"d,a,b",7.72,50%,1.14,42%,7%
692,1.22,1.22,7%,87.24,87.24,3.04,4,0.8,38.76,3.76,0.39,2,"d,b,a,c",12.76,89%,1.26,47%,41%
848,5.55,5.55,36%,87.22,87.22,6.10,0,0,32.03,2.73,0.29,2,c,5.25,30%,0.64,21%,9%
849,13.22,13.22,87%,86.97,86.97,5.85,5,1,76.55,4.86,0.51,2,"c,b,a",13.08,91%,2.38,94%,-3%
886,13.53,13.53,89%,86.76,86.76,3.51,1,0.2,35.01,3.84,0.40,2,"a,c",9.98,67%,1.49,57%,10%
573,4.42,4.42,28%,86.68,86.68,7.95,2,0.4,40.14,0.37,0.04,2,"b,c",5.05,29%,0.72,24%,4%
229,7.85,7.85,51%,86.28,86.28,9.21,0,0,52.06,4.28,0.45,2,"b,c,a",5.65,33%,0.96,34%,-1%
938,1.53,1.53,9%,86.13,86.13,6.28,1,0.2,45.65,3.27,0.34,2,"b,c",7.27,46%,0.63,21%,25%
234,5.10,5.10,33%,86.13,86.13,7.70,0,0,48.51,6.97,0.73,2,"c,a,b",6.30,39%,1.06,39%,0%
695,9.22,9.22,60%,85.74,85.74,7.73,3,0.6,84.25,2.76,0.29,2,"b,c",10.89,74%,1.49,57%,17%
263,6.71,6.71,44%,85.36,85.36,9.63,0,0,44.40,3.10,0.32,2,"a,d",4.61,25%,0.76,26%,-1%
177,4.51,4.51,29%,85.12,85.12,6.28,0,0,35.52,1.57,0.16,2,"b,c,d",5.65,33%,0.45,13%,20%
367,2.13,2.13,13%,84.94,84.94,10.40,0,0,29.67,0.33,0.03,2,b,2.85,12%,0.17,1%,11%
818,5.26,5.26,34%,84.91,84.91,8.35,1,0.2,49.15,2.21,0.23,2,"c,a,b,d",5.89,35%,0.77,26%,9%
702,0.84,0.84,5%,84.71,84.71,5.62,3,0.6,46.15,5.41,0.57,2,b,8.22,53%,1.21,45%,8%
991,7.83,7.83,51%,84.65,84.65,2.16,4,0.8,27.51,4.16,0.44,2,"a,c,b",12.76,89%,1.75,68%,21%
570,7.16,7.16,47%,84.52,84.52,5.11,2,0.4,39.16,0.68,0.07,2,"b,c,a",7.66,49%,0.94,33%,16%
933,6.73,6.73,44%,84.34,84.34,9.50,0,0,44.24,5.22,0.55,2,d,4.65,26%,0.98,35%,-10%
544,4.15,4.15,27%,84.22,84.22,5.27,4,0.8,50.05,1.76,0.18,2,"c,b,d",9.49,63%,1.25,47%,17%
592,1.83,1.83,11%,84.04,84.04,8.67,1,0.2,33.74,0.39,0.04,2,"b,d,c",3.89,20%,0.35,9%,11%
107,3.52,3.52,22%,83.83,83.83,8.90,4,0.8,90.45,2.31,0.24,2,"b,a,c",10.17,68%,1.27,47%,21%
227,5.11,5.11,33%,83.75,83.75,8.57,0,0,54.89,4.92,0.52,2,c,6.40,39%,0.84,30%,10%
967,9.67,9.67,63%,83.70,83.70,5.51,3,0.6,42.75,8.40,0.88,2,"a,c,b,d",7.75,50%,2.11,83%,-33%
445,6.85,6.85,45%,83.67,83.67,7.37,1,0.2,54.88,7.09,0.74,2,"d,b,a",7.44,47%,1.39,53%,-5%
102,2.49,2.49,16%,83.51,83.51,10.45,1,0.2,80.41,3.47,0.36,2,"c,b,a",7.69,49%,0.72,24%,25%
387,7.37,7.37,48%,83.28,83.28,6.87,3,0.6,68.56,6.03,0.63,2,"b,c,a",9.98,67%,1.71,66%,1%
243,,6.00,39%,82.82,82.82,8.04,1,0.2,54.61,5.18,0.54,2,"b,d",6.79,42%,1.13,42%,1%
134,1.33,1.33,8%,82.68,82.68,6.94,3,0.6,79.13,3.33,0.35,2,"a,b,c",11.40,78%,1.03,37%,41%
105,6.13,6.13,40%,82.56,82.56,10.79,1,0.2,48.64,1.11,0.11,2,"c,b,d,a",4.51,25%,0.71,24%,1%
64,3.25,3.25,21%,82.54,82.54,4.68,1,0.2,29.77,2.12,0.22,2,"b,c,a,d",6.36,39%,0.63,20%,19%
474,7.65,7.65,50%,82.45,82.45,10.73,0,0,46.87,6.60,0.69,2,"b,d",4.37,24%,1.19,44%,-21%
283,7.93,7.93,52%,82.37,82.37,5.01,5,1,64.00,2.70,0.28,2,"c,d,a",12.79,89%,1.80,70%,19%
735,5.77,5.77,37%,81.98,81.98,4.40,4,0.8,50.64,3.86,0.40,2,"d,b,c,a",11.52,79%,1.58,61%,18%
233,8.19,8.19,53%,81.63,81.63,7.27,5,1,99.27,4.08,0.43,2,"c,b",13.66,96%,1.96,77%,19%
432,4.89,4.89,32%,81.59,81.59,7.36,1,0.2,43.30,1.85,0.19,2,"d,b",5.88,35%,0.71,24%,11%
850,6.28,6.28,41%,81.55,81.55,5.95,0,0,40.01,4.68,0.49,2,"b,c",6.72,42%,0.90,32%,10%
630,9.13,9.13,60%,81.43,81.43,8.38,0,0,34.14,0.26,0.03,2,"c,b,d",4.07,21%,0.62,20%,1%
29,4.85,4.85,31%,81.35,81.35,8.95,3,0.6,73.00,1.08,0.11,2,"c,d,a",8.16,53%,1.02,37%,16%
930,,2.00,12%,81.27,81.27,10.66,0,0,62.69,5.21,0.55,2,"c,d,a",5.88,35%,0.67,22%,13%
974,3.96,3.96,25%,81.26,81.26,7.29,3,0.6,66.76,4.56,0.48,2,d,9.15,61%,1.33,50%,10%
772,6.94,6.94,45%,81.03,81.03,8.58,1,0.2,58.20,3.04,0.32,2,a,6.78,42%,0.97,35%,7%
638,9.13,9.13,60%,80.87,80.87,6.82,4,0.8,85.85,4.34,0.45,2,"b,d",12.59,87%,1.85,72%,15%
569,6.88,6.88,45%,80.60,80.60,9.44,5,1,110.23,5.33,0.56,2,"b,a,c,d",11.68,80%,2.01,79%,2%
978,7.96,7.96,52%,80.51,80.51,5.75,3,0.6,61.53,5.48,0.57,2,"a,c,b",10.71,73%,1.69,65%,7%
109,9.75,9.75,64%,80.50,80.50,6.31,2,0.4,55.40,1.84,0.19,2,"d,b",8.77,58%,1.23,46%,12%
144,11.63,11.63,76%,80.43,80.43,10.09,5,1,140.16,3.79,0.40,2,"c,b",13.90,97%,2.16,85%,12%
578,8.97,8.97,59%,80.34,80.34,7.57,5,1,95.88,5.37,0.56,2,"d,b,c",12.67,88%,2.15,85%,3%
359,6.88,6.88,45%,80.30,80.30,7.11,0,0,33.68,3.49,0.37,2,c,4.74,26%,0.81,28%,-2%
830,,7.00,46%,,80.00,9.72,0,0,27.92,1.58,0.16,2,"a,c",2.87,12%,0.62,20%,-8%
127,5.39,5.39,35%,,80.00,5.48,1,0.2,28.02,6.32,0.66,2,"b,c,a",5.11,29%,1.21,45%,-16%
632,9.68,9.68,63%,,80.00,2.11,5,1,28.40,3.66,0.38,2,"c,b,d,a",13.49,94%,2.02,79%,15%
211,3.85,3.85,25%,,80.00,10.87,0,0,68.01,4.15,0.43,2,c,6.25,38%,0.68,23%,15%
898,6.34,6.34,41%,,80.00,8.40,2,0.4,69.10,3.36,0.35,2,"a,b",8.23,53%,1.16,43%,10%
6,1.68,1.68,10%,79.77,79.77,6.31,1,0.2,43.16,0.46,0.05,2,a,6.84,43%,0.35,9%,34%
580,4.93,4.93,32%,79.75,79.75,6.95,1,0.2,59.15,4.00,0.42,2,"a,c,b,d",8.51,56%,0.94,33%,22%
112,1.11,1.11,6%,79.74,79.74,5.59,3,0.6,64.50,4.52,0.47,2,"c,b,d",11.53,79%,1.14,42%,37%
993,2.84,2.84,18%,79.65,79.65,8.31,2,0.4,44.81,1.09,0.11,2,"d,a,b",5.39,31%,0.69,23%,8%
176,1.28,1.28,8%,79.47,79.47,7.01,4,0.8,72.09,1.47,0.15,2,"c,b,a",10.29,69%,1.03,37%,32%
560,8.99,8.99,59%,79.29,79.29,6.65,4,0.8,78.41,2.87,0.30,2,a,11.79,81%,1.69,65%,16%
732,7.97,7.97,52%,79.22,79.22,10.92,3,0.6,116.89,2.45,0.26,2,"d,b",10.71,73%,1.38,52%,21%
847,5.84,5.84,38%,78.94,78.94,5.78,0,0,19.13,1.62,0.17,2,b,3.31,15%,0.55,17%,-2%
625,6.64,6.64,43%,78.92,78.92,6.79,1,0.2,34.81,7.28,0.76,2,"a,d,b",5.13,29%,1.39,53%,-23%
248,0.23,0.23,1%,78.88,78.88,6.29,0,0,30.17,7.10,0.74,2,"b,c,d,a",4.80,27%,0.75,26%,1%
574,4.85,4.85,31%,78.87,78.87,10.02,0,0,64.69,4.92,0.52,2,d,6.46,40%,0.83,29%,11%
619,5.26,5.26,34%,78.73,78.73,5.98,0,0,41.61,3.21,0.34,2,c,6.96,44%,0.68,22%,21%
658,4.62,4.62,30%,78.68,78.68,11.01,1,0.2,42.25,0.23,0.02,2,"b,c,d",3.84,19%,0.52,16%,4%
436,4.21,4.21,27%,78.55,78.55,6.20,4,0.8,58.24,6.58,0.69,2,"c,b,d,a",9.40,63%,1.76,68%,-6%
904,8.85,8.85,58%,78.47,78.47,12.02,3,0.6,114.20,6.32,0.66,2,"b,c,d",9.50,63%,1.84,72%,-8%
649,7.43,7.43,48%,78.46,78.46,9.64,3,0.6,98.13,3.41,0.36,2,"c,b,d",10.18,69%,1.44,55%,14%
372,6.30,6.30,41%,78.44,78.44,11.47,4,0.8,139.43,4.05,0.42,2,"c,b",12.16,84%,1.63,63%,21%
724,6.10,6.10,40%,78.34,78.34,4.73,1,0.2,27.34,1.84,0.19,2,"b,a",5.79,35%,0.79,27%,7%
35,3.17,3.17,20%,78.33,78.33,5.02,4,0.8,40.40,8.22,0.86,2,"c,b",8.06,52%,1.86,73%,-21%
997,1.37,1.37,8%,78.23,78.23,7.38,3,0.6,76.61,5.46,0.57,2,b,10.38,70%,1.25,47%,23%
984,3.97,3.97,25%,78.21,78.21,7.92,0,0,11.55,0.16,0.02,2,"b,a",1.46,1%,0.27,5%,-4%
924,1.54,1.54,9%,78.10,78.10,6.58,3,0.6,76.35,4.41,0.46,2,"c,b,a",11.60,80%,1.15,43%,37%
342,5.29,5.29,34%,77.89,77.89,5.97,2,0.4,36.40,1.26,0.13,2,"b,d",6.10,37%,0.87,31%,6%
480,3.99,3.99,26%,77.82,77.82,6.59,0,0,26.53,0.94,0.10,2,c,4.03,21%,0.35,9%,12%
817,9.86,9.86,64%,77.81,77.81,7.05,4,0.8,89.39,4.07,0.43,2,"d,a,c",12.67,88%,1.87,73%,15%
519,4.15,4.15,27%,77.53,77.53,10.91,1,0.2,41.42,7.72,0.81,2,"b,c",3.80,19%,1.28,48%,-29%
842,3.98,3.98,25%,77.51,77.51,4.69,3,0.6,45.96,2.20,0.23,2,"c,b",9.80,66%,1.08,40%,26%
140,8.88,8.88,58%,77.51,77.51,3.95,4,0.8,46.93,2.75,0.29,2,"d,b",11.89,82%,1.67,64%,17%
216,7.99,7.99,52%,77.47,77.47,8.05,3,0.6,79.61,6.08,0.64,2,d,9.89,66%,1.76,68%,-2%
242,7.51,7.51,49%,77.45,77.45,11.04,2,0.4,87.36,3.15,0.33,2,"b,c",7.91,51%,1.22,45%,6%
164,3.40,3.40,22%,77.45,77.45,9.68,0,0,64.77,2.58,0.27,2,d,6.69,42%,0.49,14%,27%
203,5.66,5.66,37%,77.43,77.43,7.40,3,0.6,67.59,2.30,0.24,2,"d,b,c",9.14,60%,1.21,45%,16%
596,1.24,1.24,7%,77.43,77.43,5.09,4,0.8,61.60,2.78,0.29,2,"d,c,b",12.11,84%,1.16,43%,40%
361,5.73,5.73,37%,77.33,77.33,8.88,3,0.6,76.03,2.82,0.29,2,d,8.57,56%,1.27,47%,9%
942,1.95,1.95,12%,77.24,77.24,6.23,1,0.2,54.72,3.22,0.34,2,"c,a",8.78,58%,0.66,22%,36%
543,7.20,7.20,47%,77.21,77.21,7.06,0,0,39.77,2.79,0.29,2,"b,d,a",5.63,33%,0.76,26%,7%
162,5.27,5.27,34%,77.13,77.13,9.74,3,0.6,77.78,5.60,0.59,2,"c,a",7.98,52%,1.53,58%,-7%
780,6.54,6.54,42%,77.07,77.07,10.02,0,0,33.03,7.95,0.83,2,c,3.30,15%,1.26,47%,-32%
220,8.67,8.67,57%,77.03,77.03,11.01,0,0,34.41,6.81,0.71,2,c,3.12,14%,1.28,48%,-34%
770,3.62,3.62,23%,77.01,77.01,10.51,0,0,74.11,4.73,0.50,2,c,7.05,44%,0.73,25%,20%
705,4.90,4.90,32%,77.00,77.00,10.01,3,0.6,68.65,1.22,0.13,2,"c,a",6.86,43%,1.04,38%,5%
793,6.27,6.27,41%,76.91,76.91,6.91,0,0,23.74,5.71,0.60,2,"d,b,c",3.44,16%,1.00,36%,-20%
631,1.68,1.68,10%,76.90,76.90,4.32,2,0.4,33.04,5.01,0.52,2,c,7.65,49%,1.03,37%,12%
906,5.81,5.81,38%,76.88,76.88,5.57,2,0.4,44.26,2.92,0.31,2,"d,c,a",7.95,51%,1.08,40%,12%
841,4.35,4.35,28%,76.82,76.82,5.95,1,0.2,39.81,2.78,0.29,2,"c,b",6.69,42%,0.77,26%,15%
716,5.75,5.75,37%,76.79,76.79,2.39,3,0.6,26.00,3.96,0.41,2,"c,d,a",10.88,74%,1.39,53%,21%
270,4.74,4.74,31%,76.78,76.78,3.30,1,0.2,27.92,3.46,0.36,2,"a,c",8.45,55%,0.87,31%,25%
913,3.17,3.17,20%,76.78,76.78,8.09,1,0.2,60.83,2.68,0.28,2,"d,b,c",7.52,48%,0.68,23%,25%
951,6.92,6.92,45%,76.77,76.77,8.66,3,0.6,76.42,2.98,0.31,2,"a,c",8.82,58%,1.36,51%,7%
73,9.26,9.26,61%,76.63,76.63,4.04,5,1,50.55,5.61,0.59,2,"d,b",12.52,87%,2.19,87%,0%
373,4.29,4.29,28%,76.54,76.54,10.52,3,0.6,59.41,0.12,0.01,2,c,5.65,33%,0.89,31%,2%
267,8.47,8.47,55%,76.13,76.13,8.92,4,0.8,99.34,5.99,0.63,2,"d,b",11.14,76%,1.98,78%,-2%
382,7.43,7.43,48%,75.74,75.74,10.22,3,0.6,92.11,0.76,0.08,2,"c,b",9.01,60%,1.16,43%,16%
179,3.43,3.43,22%,75.70,75.70,10.79,0,0,78.62,4.72,0.49,2,c,7.29,46%,0.71,24%,22%
399,8.23,8.23,54%,75.67,75.67,4.81,0,0,28.67,3.21,0.34,2,"b,d,c",5.97,36%,0.87,31%,5%
461,2.39,2.39,15%,75.59,75.59,10.83,1,0.2,86.78,4.15,0.43,2,b,8.01,52%,0.78,27%,25%
996,6.93,6.93,45%,75.33,75.33,5.68,0,0,29.26,1.36,0.14,2,"d,b,a",5.16,30%,0.59,19%,11%
348,2.74,2.74,17%,75.28,75.28,6.54,0,0,35.55,7.97,0.84,2,"c,d,b",5.44,32%,1.01,37%,-5%
526,6.97,6.97,45%,75.10,75.10,11.11,4,0.8,111.48,7.10,0.74,2,"d,a",10.04,67%,2.00,78%,-11%
288,3.59,3.59,23%,74.76,74.76,6.62,2,0.4,43.99,1.74,0.18,2,a,6.65,41%,0.81,28%,13%
209,5.46,5.46,35%,74.75,74.75,6.96,1,0.2,43.39,5.64,0.59,2,c,6.24,38%,1.14,42%,-4%
171,11.41,11.41,75%,74.61,74.61,2.93,3,0.6,30.28,2.38,0.25,2,"c,b,a,d",10.33,70%,1.60,61%,8%
888,3.35,3.35,21%,74.59,74.59,6.42,0,0,45.31,6.73,0.71,2,b,7.06,44%,0.92,33%,12%
360,,2.00,12%,74.52,74.52,6.23,1,0.2,42.91,4.53,0.47,2,"c,a,d,b",6.89,43%,0.80,28%,15%
890,5.95,5.95,39%,74.22,74.22,4.28,4,0.8,51.24,4.61,0.48,2,"a,c,b",11.98,83%,1.67,64%,18%
883,6.16,6.16,40%,74.18,74.18,5.28,5,1,60.42,1.26,0.13,2,"c,a",11.45,78%,1.53,59%,20%
572,4.35,4.35,28%,74.18,74.18,9.05,3,0.6,80.87,2.04,0.21,2,"b,a",8.94,59%,1.09,40%,19%
981,3.57,3.57,23%,74.09,74.09,6.57,0,0,49.19,3.73,0.39,2,c,7.48,48%,0.62,20%,28%
219,4.56,4.56,29%,74.02,74.02,4.62,4,0.8,37.23,0.35,0.04,2,"b,a,c,d",8.06,52%,1.13,42%,11%
552,0.15,0.15,0%,73.85,73.85,9.18,2,0.4,58.54,6.61,0.69,2,c,6.38,39%,1.09,40%,-1%
642,5.48,5.48,35%,73.84,73.84,8.73,3,0.6,92.74,3.64,0.38,2,"a,b,c",10.63,72%,1.33,50%,22%
155,5.33,5.33,34%,73.59,73.59,8.11,3,0.6,61.60,6.58,0.69,2,"a,d,c,b",7.60,49%,1.63,63%,-14%
39,3.76,3.76,24%,73.54,73.54,4.74,3,0.6,42.32,2.07,0.22,2,"c,a,b",8.93,59%,1.06,39%,20%
660,6.44,6.44,42%,73.48,73.48,9.22,1,0.2,56.58,3.19,0.33,2,c,6.14,37%,0.95,34%,3%
711,5.45,5.45,35%,73.32,73.32,9.29,0,0,50.54,2.01,0.21,2,d,5.44,32%,0.56,18%,14%
934,9.68,9.68,63%,73.25,73.25,8.68,3,0.6,96.53,4.74,0.50,2,"a,b,c",11.12,76%,1.73,67%,9%
463,9.51,9.51,62%,72.99,72.99,8.30,4,0.8,83.80,1.12,0.12,2,"d,b,a",10.09,68%,1.54,59%,9%
703,1.61,1.61,10%,72.89,72.89,7.19,0,0,55.69,3.57,0.37,2,"a,d,b",7.75,50%,0.47,14%,36%
208,1.83,1.83,11%,72.79,72.79,10.75,3,0.6,73.82,1.10,0.11,2,"d,b,c,a",6.87,43%,0.83,29%,14%
800,9.19,9.19,60%,72.77,72.77,4.22,2,0.4,26.76,1.39,0.14,2,"c,a",6.34,39%,1.15,42%,-3%
37,3.26,3.26,21%,72.63,72.63,4.81,4,0.8,42.57,7.01,0.73,2,"b,d,a",8.85,58%,1.74,68%,-9%
932,4.29,4.29,28%,72.56,72.56,5.72,3,0.6,54.93,2.31,0.24,2,"b,c,a,d",9.61,64%,1.12,41%,23%
857,4.22,4.22,27%,72.42,72.42,10.41,0,0,75.06,3.37,0.35,2,"c,b,a",7.21,46%,0.62,20%,25%
65,2.36,2.36,15%,72.30,72.30,4.58,3,0.6,34.79,1.26,0.13,2,"c,b,d",7.59,49%,0.88,31%,17%
108,4.71,4.71,30%,72.07,72.07,6.48,3,0.6,39.71,7.64,0.80,2,c,6.13,37%,1.70,66%,-29%
442,1.60,1.60,10%,71.79,71.79,8.31,1,0.2,52.91,6.19,0.65,2,c,6.37,39%,0.95,34%,5%
884,6.40,6.40,42%,71.73,71.73,10.05,1,0.2,53.75,6.93,0.73,2,b,5.35,31%,1.34,51%,-20%
778,3.44,3.44,22%,71.69,71.69,6.56,3,0.6,61.70,2.13,0.22,2,"c,a,b,d",9.40,63%,1.04,38%,25%
317,6.23,6.23,40%,71.65,71.65,1.90,2,0.4,16.30,2.90,0.30,2,"c,d",8.59,56%,1.11,41%,16%
40,7.60,7.60,49%,71.51,71.51,6.91,2,0.4,70.03,3.59,0.38,2,"d,a",10.14,68%,1.27,48%,21%
489,11.37,11.37,74%,71.43,71.43,8.04,5,1,106.07,2.94,0.31,2,"b,c,a",13.19,92%,2.05,81%,11%
487,6.85,6.85,44%,71.25,71.25,7.64,0,0,44.35,4.54,0.48,2,"d,c,b",5.80,35%,0.92,33%,2%
811,6.43,6.43,42%,71.22,71.22,10.51,2,0.4,58.41,0.72,0.07,2,"a,b,c",5.56,33%,0.89,32%,1%
609,8.67,8.67,57%,71.21,71.21,3.52,1,0.2,20.61,0.53,0.05,2,"c,b,a",5.85,35%,0.82,29%,6%
466,7.62,7.62,50%,71.15,71.15,7.59,4,0.8,84.38,5.63,0.59,2,d,11.11,76%,1.89,74%,2%
354,4.57,4.57,29%,71.04,71.04,6.39,1,0.2,48.68,4.45,0.47,2,"b,c",7.62,49%,0.96,34%,14%
184,3.43,3.43,22%,70.94,70.94,9.03,0,0,61.57,3.41,0.36,2,c,6.82,43%,0.58,18%,24%
678,4.95,4.95,32%,70.92,70.92,6.97,1,0.2,34.59,6.39,0.67,2,"c,b",4.96,28%,1.19,44%,-16%
856,3.11,3.11,20%,70.79,70.79,6.50,1,0.2,31.89,1.20,0.12,2,"d,b",4.90,28%,0.52,16%,12%
795,2.53,2.53,16%,70.78,70.78,7.31,2,0.4,64.89,3.85,0.40,2,"b,d,a",8.88,58%,0.96,35%,24%
181,2.76,2.76,17%,70.66,70.66,12.24,0,0,66.05,0.06,0.00,2,"b,d",5.40,31%,0.18,1%,30%
995,5.46,5.46,35%,70.62,70.62,8.16,3,0.6,89.81,4.22,0.44,2,c,11.00,75%,1.40,53%,22%
919,,7.00,46%,70.47,70.47,7.26,2,0.4,40.23,0.29,0.03,2,d,5.55,33%,0.88,31%,1%
268,12.46,12.46,82%,70.46,70.46,5.93,2,0.4,43.13,7.75,0.81,2,c,7.28,46%,2.03,80%,-34%
298,2.16,2.16,13%,70.27,70.27,8.62,2,0.4,42.82,8.25,0.87,2,"b,c,a",4.97,28%,1.40,53%,-25%
452,8.38,8.38,55%,70.24,70.24,8.50,2,0.4,46.47,0.58,0.06,2,"b,d",5.47,32%,1.01,36%,-4%
588,4.86,4.86,31%,70.15,70.15,0.65,3,0.6,6.00,6.09,0.64,2,"d,a,c",9.19,61%,1.55,59%,1%
215,5.44,5.44,35%,70.14,70.14,6.52,0,0,19.73,0.67,0.07,2,"c,d,b",3.03,13%,0.42,12%,1%
746,6.43,6.43,42%,70.14,70.14,5.90,0,0,21.33,0.68,0.07,2,"c,b,d",3.62,18%,0.49,14%,3%
719,8.13,8.13,53%,,70.00,5.10,3,0.6,43.12,0.43,0.04,2,"c,b",8.45,55%,1.17,43%,12%
188,1.73,1.73,11%,,70.00,7.24,1,0.2,51.86,7.05,0.74,2,"d,b",7.16,45%,1.04,38%,7%
623,5.14,5.14,33%,,70.00,6.34,3,0.6,57.95,4.83,0.51,2,"b,c,a",9.14,60%,1.44,55%,6%
792,9.31,9.31,61%,,70.00,7.76,2,0.4,63.15,2.56,0.27,2,"c,d,b",8.13,53%,1.28,48%,5%
414,7.36,7.36,48%,,70.00,11.44,3,0.6,85.55,1.45,0.15,2,"c,b",7.48,48%,1.23,46%,2%
737,11.32,11.32,74%,,70.00,7.53,2,0.4,97.23,4.36,0.46,2,c,12.91,90%,1.60,61%,28%
727,,2.00,12%,69.94,69.94,5.17,3,0.6,54.45,5.46,0.57,2,"b,d,c,a",10.53,71%,1.30,49%,23%
891,6.16,6.16,40%,69.93,69.93,7.49,3,0.6,64.87,5.43,0.57,2,"b,a",8.66,57%,1.57,60%,-3%
871,3.47,3.47,22%,69.91,69.91,1.79,4,0.8,18.62,5.59,0.59,2,"b,c,a",10.41,70%,1.61,62%,9%
292,7.38,7.38,48%,69.84,69.84,7.98,3,0.6,85.20,4.36,0.46,2,d,10.68,72%,1.54,59%,14%
261,5.20,5.20,34%,69.78,69.78,5.68,1,0.2,30.29,5.92,0.62,2,b,5.33,31%,1.16,43%,-12%
418,6.83,6.83,44%,69.76,69.76,7.21,0,0,30.60,6.68,0.70,2,"b,c",4.25,23%,1.14,42%,-20%
855,2.11,2.11,13%,69.59,69.59,7.11,3,0.6,52.50,5.91,0.62,2,c,7.39,47%,1.35,51%,-4%
44,7.16,7.16,47%,69.51,69.51,5.89,5,1,71.33,4.98,0.52,2,"d,c",12.10,83%,1.99,78%,6%
512,4.83,4.83,31%,69.36,69.36,5.26,3,0.6,46.51,2.81,0.29,2,"c,b,d",8.85,58%,1.21,45%,13%
654,0.78,0.78,4%,69.27,69.27,8.36,1,0.2,48.08,5.81,0.61,2,"d,b",5.75,34%,0.85,30%,4%
3,2.00,2.00,12%,69.25,69.25,1.74,3,0.6,17.98,0.60,0.06,2,a,10.35,70%,0.78,27%,43%
173,1.33,1.33,8%,69.21,69.21,9.59,2,0.4,119.29,4.45,0.47,2,d,12.44,86%,0.94,34%,52%
185,9.15,9.15,60%,69.12,69.12,0.26,4,0.8,2.84,2.68,0.28,2,"d,b,a",10.81,73%,1.68,65%,9%
157,,3.00,19%,69.11,69.11,12.72,4,0.8,137.60,1.90,0.20,2,"c,a,b",10.82,74%,1.19,44%,29%
796,3.67,3.67,23%,68.93,68.93,5.72,1,0.2,40.95,4.84,0.51,2,c,7.16,45%,0.94,34%,11%
231,3.93,3.93,25%,68.90,68.90,7.69,2,0.4,41.69,7.36,0.77,2,"b,d,a",5.42,32%,1.42,54%,-22%
153,5.36,5.36,35%,68.86,68.86,1.72,1,0.2,11.73,2.42,0.25,2,"b,c,a,d",6.83,43%,0.80,28%,15%
831,11.61,11.61,76%,68.82,68.82,4.00,1,0.2,35.96,4.28,0.45,2,"c,a,b",8.99,59%,1.41,53%,6%
640,2.83,2.83,18%,68.69,68.69,11.76,0,0,62.03,6.32,0.66,2,d,5.28,31%,0.84,29%,1%
117,12.59,12.59,83%,68.65,68.65,7.53,3,0.6,86.93,3.56,0.37,2,"d,c",11.54,79%,1.80,70%,9%
404,8.49,8.49,55%,68.60,68.60,6.04,3,0.6,65.21,5.46,0.57,2,b,10.81,73%,1.73,67%,7%
911,3.92,3.92,25%,68.45,68.45,5.88,2,0.4,29.19,7.68,0.81,2,"d,a,c",4.96,28%,1.46,55%,-27%
166,2.11,2.11,13%,68.28,68.28,6.68,2,0.4,47.70,2.09,0.22,2,"c,b",7.14,45%,0.75,26%,19%
122,8.68,8.68,57%,68.10,68.10,7.91,3,0.6,79.50,4.16,0.44,2,b,10.05,68%,1.60,62%,6%
968,1.71,1.71,10%,67.93,67.93,4.78,2,0.4,61.78,4.32,0.45,2,a,12.92,90%,0.96,34%,56%
456,9.60,9.60,63%,67.91,67.91,3.91,3,0.6,36.92,1.53,0.16,2,"b,d",9.45,63%,1.39,53%,10%
250,6.12,6.12,40%,67.84,67.84,7.83,3,0.6,76.10,3.95,0.41,2,"d,c",9.71,65%,1.41,54%,11%
307,5.61,5.61,36%,67.69,67.69,1.50,3,0.6,15.61,3.71,0.39,2,"c,b,d",10.43,70%,1.35,51%,19%
936,,9.00,59%,67.54,67.54,10.20,2,0.4,90.75,4.05,0.42,2,b,8.90,59%,1.41,54%,5%
182,11.43,11.43,75%,67.49,67.49,6.02,1,0.2,61.52,6.16,0.65,2,a,10.22,69%,1.59,61%,8%
805,5.68,5.68,37%,67.31,67.31,5.24,4,0.8,41.73,0.09,0.01,2,"b,c",7.97,51%,1.18,44%,8%
604,7.64,7.64,50%,67.18,67.18,3.99,2,0.4,45.21,3.92,0.41,2,"d,b",11.32,77%,1.31,49%,28%
917,8.47,8.47,55%,67.14,67.14,7.20,4,0.8,70.12,0.71,0.07,2,a,9.73,65%,1.43,54%,11%
801,6.77,6.77,44%,67.12,67.12,9.11,1,0.2,63.72,3.09,0.32,2,c,7.00,44%,0.96,35%,9%
282,7.14,7.14,46%,67.04,67.04,5.91,3,0.6,54.29,1.69,0.18,2,c,9.18,61%,1.24,46%,14%
58,5.93,5.93,38%,66.99,66.99,8.63,1,0.2,51.59,1.85,0.19,2,"c,d,b",5.98,36%,0.78,27%,9%
872,7.17,7.17,47%,66.99,66.99,12.27,0,0,72.43,5.70,0.60,2,b,5.90,35%,1.06,39%,-3%
278,1.27,1.27,7%,66.91,66.91,5.98,2,0.4,65.12,6.36,0.67,2,d,10.88,74%,1.14,42%,32%
893,3.46,3.46,22%,66.54,66.54,7.60,3,0.6,73.18,3.49,0.37,2,"c,a,b",9.64,64%,1.19,44%,20%
290,1.39,1.39,8%,66.50,66.50,4.62,4,0.8,62.19,2.82,0.29,2,d,13.46,94%,1.18,44%,50%
965,5.66,5.66,37%,66.38,66.38,4.17,1,0.2,35.72,5.17,0.54,2,c,8.57,56%,1.11,41%,15%
769,4.14,4.14,27%,66.36,66.36,7.34,0,0,33.46,2.71,0.28,2,"c,b,d,a",4.56,25%,0.55,17%,8%
355,9.36,9.36,61%,66.24,66.24,6.16,4,0.8,84.76,2.39,0.25,2,a,13.75,96%,1.66,64%,32%
237,9.22,9.22,60%,66.08,66.08,7.89,3,0.6,66.40,0.08,0.01,2,"b,c,d",8.42,55%,1.21,45%,10%
960,1.35,1.35,8%,66.05,66.05,4.61,2,0.4,40.78,7.57,0.79,2,c,8.85,58%,1.27,48%,10%
651,3.61,3.61,23%,65.99,65.99,6.89,0,0,52.62,2.93,0.31,2,c,7.64,49%,0.54,17%,32%
118,4.49,4.49,29%,65.96,65.96,9.50,2,0.4,66.25,1.30,0.13,2,c,6.97,44%,0.82,29%,15%
28,,10.00,65%,65.94,65.94,3.11,3,0.6,38.62,5.97,0.63,2,a,12.43,86%,1.88,73%,13%
821,6.29,6.29,41%,65.81,65.81,7.83,4,0.8,89.36,3.73,0.39,2,"c,b",11.41,78%,1.60,61%,17%
357,9.76,9.76,64%,65.74,65.74,5.13,3,0.6,64.43,5.39,0.57,2,d,12.57,87%,1.80,70%,17%
565,12.23,12.23,80%,65.72,65.72,5.40,1,0.2,40.66,0.19,0.02,2,c,7.53,48%,1.02,37%,11%
751,12.84,12.84,84%,65.59,65.59,4.90,4,0.8,65.87,2.79,0.29,2,d,13.44,94%,1.93,76%,18%
756,14.22,14.22,93%,65.37,65.37,7.55,3,0.6,64.37,0.77,0.08,2,c,8.53,56%,1.61,62%,-6%
246,1.30,1.30,8%,65.36,65.36,5.64,2,0.4,71.58,4.36,0.46,2,"a,d",12.69,88%,0.93,33%,55%
347,5.51,5.51,36%,65.35,65.35,9.49,0,0,64.42,2.54,0.27,2,"b,c",6.79,42%,0.62,20%,22%
736,9.83,9.83,64%,65.25,65.25,5.40,2,0.4,64.02,5.47,0.57,2,a,11.85,82%,1.62,62%,19%
136,4.19,4.19,27%,65.21,65.21,9.80,0,0,45.59,4.93,0.52,2,"b,d,a",4.65,26%,0.79,27%,-1%
368,5.58,5.58,36%,65.15,65.15,8.44,2,0.4,60.06,2.55,0.27,2,b,7.12,45%,1.03,37%,8%
937,5.62,5.62,36%,64.89,64.89,7.50,2,0.4,38.82,0.27,0.03,2,"a,d",5.17,30%,0.79,27%,2%
775,1.86,1.86,11%,64.83,64.83,2.19,2,0.4,22.62,1.38,0.14,2,"a,d",10.34,70%,0.66,22%,48%
905,11.15,11.15,73%,64.69,64.69,5.76,1,0.2,62.50,2.38,0.25,2,a,10.84,74%,1.18,44%,30%
36,12.38,12.38,81%,64.61,64.61,6.58,3,0.6,77.84,3.36,0.35,2,"d,a,c,b",11.84,81%,1.76,68%,13%
353,4.76,4.76,31%,64.36,64.36,8.84,3,0.6,53.27,7.87,0.83,2,b,6.03,36%,1.73,67%,-31%
420,3.24,3.24,21%,64.17,64.17,5.72,1,0.2,22.27,0.46,0.05,2,"c,a",3.90,20%,0.45,13%,7%
589,5.46,5.46,35%,64.14,64.14,8.23,4,0.8,97.99,2.62,0.27,2,"d,c,a",11.90,82%,1.43,54%,28%
749,2.96,2.96,19%,63.97,63.97,9.21,0,0,43.29,4.88,0.51,2,"b,c,a",4.70,26%,0.70,23%,3%
979,1.73,1.73,11%,63.71,63.71,5.31,3,0.6,53.37,0.45,0.05,2,c,10.05,68%,0.75,26%,42%
277,9.15,9.15,60%,63.52,63.52,5.09,4,0.8,58.31,2.55,0.27,2,"c,a",11.45,78%,1.66,64%,14%
438,11.67,11.67,76%,63.52,63.52,9.62,4,0.8,110.11,2.34,0.24,2,"a,b,c",11.44,78%,1.81,70%,8%
853,8.51,8.51,56%,63.43,63.43,5.63,4,0.8,64.96,2.48,0.26,2,"c,a,d",11.53,79%,1.61,62%,17%
593,8.71,8.71,57%,63.37,63.37,5.28,2,0.4,51.15,1.19,0.12,2,d,9.69,65%,1.09,40%,25%
22,,7.00,46%,63.12,63.12,1.87,4,0.8,14.69,0.07,0.01,2,"d,c",7.86,51%,1.26,47%,3%
51,7.38,7.38,48%,62.96,62.96,4.94,5,1,58.18,2.83,0.30,2,"a,c",11.79,81%,1.78,69%,12%
405,8.16,8.16,53%,62.60,62.60,6.31,4,0.8,62.29,1.77,0.18,2,"d,a,c",9.88,66%,1.52,58%,8%
962,4.78,4.78,31%,62.47,62.47,8.63,1,0.2,65.37,3.33,0.35,2,"c,d",7.58,48%,0.86,30%,18%
788,1.90,1.90,12%,62.28,62.28,5.55,3,0.6,70.00,2.90,0.30,2,a,12.62,87%,1.02,37%,50%
674,1.54,1.54,9%,62.26,62.26,7.93,0,0,44.11,3.56,0.37,2,"b,d,a,c",5.57,33%,0.47,14%,19%
31,6.61,6.61,43%,62.16,62.16,7.04,3,0.6,53.51,1.54,0.16,2,"d,c,b,a",7.60,49%,1.19,44%,4%
839,9.90,9.90,65%,62.08,62.08,3.78,3,0.6,42.37,3.27,0.34,2,"a,c,b",11.20,76%,1.59,61%,15%
460,8.00,8.00,52%,62.07,62.07,5.50,4,0.8,47.54,0.74,0.08,2,"d,a,b",8.64,57%,1.40,53%,4%
103,7.98,7.98,52%,61.58,61.58,8.09,3,0.6,86.59,2.66,0.28,2,a,10.71,73%,1.40,53%,20%
425,1.51,1.51,9%,61.34,61.34,6.26,1,0.2,70.47,5.10,0.53,2,d,11.26,77%,0.82,29%,48%
199,,6.00,39%,61.04,61.04,6.81,2,0.4,78.45,5.62,0.59,2,d,11.53,79%,1.38,52%,27%
538,2.93,2.93,18%,60.83,60.83,8.63,1,0.2,39.79,0.22,0.02,2,d,4.61,25%,0.41,11%,14%
309,,9.00,59%,60.74,60.74,7.53,1,0.2,47.16,2.39,0.25,2,a,6.26,38%,1.04,38%,0%
159,11.31,11.31,74%,60.63,60.63,6.94,4,0.8,86.74,3.84,0.40,2,"c,d,b,a",12.49,87%,1.94,76%,10%
950,9.89,9.89,65%,60.34,60.34,6.01,3,0.6,63.44,0.51,0.05,2,"a,b",10.56,72%,1.30,49%,23%
688,5.80,5.80,38%,60.30,60.30,8.25,3,0.6,80.35,3.71,0.39,2,a,9.74,65%,1.36,52%,14%
641,8.91,8.91,58%,60.23,60.23,5.91,3,0.6,79.95,4.83,0.51,2,c,13.52,94%,1.69,65%,29%
345,3.15,3.15,20%,60.08,60.08,9.08,1,0.2,65.90,4.40,0.46,2,"c,a,d,b",7.26,46%,0.86,30%,16%
499,5.51,5.51,36%,60.05,60.05,6.35,0,0,14.66,0.24,0.02,2,c,2.31,8%,0.38,10%,-2%
758,11.27,11.27,74%,59.77,59.77,4.28,3,0.6,52.87,2.65,0.28,2,"d,c",12.35,85%,1.62,62%,23%
393,8.19,8.19,53%,59.69,59.69,1.26,2,0.4,12.09,4.36,0.46,2,"b,c,a",9.58,64%,1.39,53%,11%
236,6.35,6.35,41%,59.39,59.39,5.44,1,0.2,21.14,7.98,0.84,2,"a,c,b,d",3.89,20%,1.45,55%,-35%
766,4.20,4.20,27%,58.57,58.57,3.21,2,0.4,22.29,1.87,0.20,2,d,6.94,43%,0.86,30%,13%
907,2.93,2.93,19%,58.44,58.44,5.84,0,0,14.26,0.94,0.10,2,c,2.44,9%,0.28,6%,3%
912,8.59,8.59,56%,58.35,58.35,7.99,5,1,95.89,1.99,0.21,2,d,12.01,83%,1.77,69%,14%
704,0.76,0.76,4%,57.93,57.93,6.31,0,0,40.83,4.82,0.51,2,"b,c,a,d",6.47,40%,0.55,17%,23%
715,7.23,7.23,47%,57.88,57.88,10.52,0,0,46.67,8.26,0.87,2,"b,c",4.44,24%,1.34,50%,-26%
824,9.23,9.23,60%,57.39,57.39,4.12,5,1,47.26,5.60,0.59,2,"c,a,d,b",11.48,79%,2.19,86%,-8%
561,1.18,1.18,7%,57.34,57.34,6.08,1,0.2,25.46,7.68,0.81,2,c,4.18,22%,1.07,39%,-17%
82,8.31,8.31,54%,57.23,57.23,8.57,5,1,103.41,4.87,0.51,2,"a,b",12.07,83%,2.05,81%,3%
620,9.80,9.80,64%,56.65,56.65,6.97,2,0.4,58.13,0.86,0.09,2,"b,c,a",8.34,54%,1.13,42%,13%
686,9.68,9.68,63%,56.05,56.05,8.21,2,0.4,67.91,1.71,0.18,2,"d,c",8.27,54%,1.21,45%,9%
585,5.36,5.36,35%,55.06,55.06,6.73,1,0.2,36.98,1.67,0.17,2,"c,b,d",5.50,32%,0.72,24%,8%
301,2.25,2.25,14%,54.64,54.64,9.58,0,0,64.78,3.28,0.34,2,c,6.76,42%,0.48,14%,28%
612,2.28,2.28,14%,53.33,53.33,6.19,3,0.6,53.51,5.28,0.55,2,"c,b,d",8.64,57%,1.29,49%,8%
615,7.78,7.78,51%,53.22,53.22,7.56,3,0.6,77.65,2.35,0.25,2,"a,d,b,c",10.28,69%,1.35,51%,18%
88,5.37,5.37,35%,50.07,50.07,7.67,1,0.2,50.89,2.27,0.24,2,"d,c",6.64,41%,0.78,27%,14%
429,8.58,8.58,56%,47.96,47.96,6.37,4,0.8,69.51,6.10,0.64,2,"d,a",10.92,74%,2.00,78%,-4%
502,1.68,1.68,10%,45.26,45.26,3.48,4,0.8,43.20,4.41,0.46,2,"a,c,d",12.43,86%,1.36,52%,34%
874,8.14,8.14,53%,98.72,98.72,7.37,4,0.8,87.53,3.28,0.34,3,"d,b,c",11.87,82%,1.67,65%,17%
47,0.84,0.84,5%,95.52,95.52,11.57,2,0.4,64.68,0.64,0.07,3,c,5.59,33%,0.51,16%,17%
717,5.79,5.79,37%,94.69,94.69,6.55,3,0.6,61.66,4.75,0.50,3,c,9.42,63%,1.47,56%,7%
954,6.57,6.57,43%,94.65,94.65,9.84,1,0.2,77.32,4.43,0.46,3,b,7.86,51%,1.09,40%,11%
599,6.26,6.26,41%,94.21,94.21,7.12,5,1,85.99,2.03,0.21,3,d,12.07,83%,1.62,62%,21%
422,1.66,1.66,10%,93.50,93.50,10.63,2,0.4,59.87,1.02,0.11,3,"d,c,b,a",5.63,33%,0.61,20%,14%
75,8.58,8.58,56%,92.31,92.31,6.53,2,0.4,58.42,6.14,0.64,3,a,8.95,59%,1.60,62%,-3%
515,9.97,9.97,65%,91.77,91.77,6.45,2,0.4,54.35,5.92,0.62,3,"d,a,c",8.43,55%,1.67,65%,-10%
186,7.95,7.95,52%,91.51,91.51,7.39,2,0.4,48.32,1.53,0.16,3,d,6.54,40%,1.08,39%,1%
806,9.52,9.52,62%,90.52,90.52,6.96,4,0.8,68.35,0.88,0.09,3,"a,c,b",9.82,66%,1.51,58%,8%
265,1.57,1.57,10%,,90.00,9.10,1,0.2,43.75,9.29,0.97,3,"d,a,c,b",4.81,27%,1.27,48%,-21%
378,3.12,3.12,20%,,90.00,8.62,0,0,59.60,5.24,0.55,3,"d,b",6.91,43%,0.75,25%,18%
568,4.65,4.65,30%,,90.00,6.68,2,0.4,67.55,3.30,0.35,3,"d,b,c",10.12,68%,1.04,38%,30%
763,8.61,8.61,56%,89.13,89.13,10.13,1,0.2,96.16,4.48,0.47,3,c,9.49,63%,1.23,46%,17%
483,4.46,4.46,29%,88.31,88.31,8.41,1,0.2,65.17,4.14,0.43,3,"a,c",7.75,50%,0.92,33%,17%
147,5.66,5.66,37%,86.87,86.87,5.34,1,0.2,43.68,3.65,0.38,3,b,8.17,53%,0.95,34%,19%
210,5.34,5.34,35%,85.83,85.83,13.74,1,0.2,69.38,1.32,0.14,3,c,5.05,29%,0.68,23%,6%
728,8.82,8.82,58%,84.95,84.95,8.93,2,0.4,71.48,4.39,0.46,3,b,8.00,52%,1.44,55%,-3%
341,5.22,5.22,34%,84.75,84.75,9.80,1,0.2,65.85,3.31,0.35,3,"b,c,a,d",6.72,42%,0.88,31%,11%
699,,2.00,12%,84.52,84.52,7.62,1,0.2,63.59,3.97,0.42,3,"b,d",8.34,54%,0.74,25%,29%
517,0.24,0.24,1%,82.55,82.55,7.61,1,0.2,38.78,0.68,0.07,3,"c,b",5.10,29%,0.28,6%,24%
92,6.20,6.20,40%,81.84,81.84,8.55,0,0,47.55,5.07,0.53,3,d,5.56,33%,0.93,33%,-1%
983,4.76,4.76,31%,81.82,81.82,7.79,3,0.6,57.38,1.80,0.19,3,b,7.37,47%,1.09,40%,7%
598,9.38,9.38,61%,81.53,81.53,7.13,2,0.4,54.12,0.14,0.01,3,"a,b",7.59,49%,1.03,37%,11%
12,4.14,4.14,27%,81.06,81.06,7.04,3,0.6,65.22,4.64,0.49,3,b,9.27,62%,1.35,51%,11%
819,2.40,2.40,15%,80.67,80.67,9.57,4,0.8,77.12,0.24,0.02,3,"c,d,b",8.06,52%,0.97,35%,17%
369,1.42,1.42,8%,80.56,80.56,8.03,2,0.4,52.70,8.04,0.84,3,"c,a",6.56,41%,1.33,50%,-10%
575,5.82,5.82,38%,80.55,80.55,10.23,3,0.6,68.84,7.34,0.77,3,"c,d,a,b",6.73,42%,1.75,68%,-26%
922,1.58,1.58,10%,80.39,80.39,8.91,2,0.4,67.55,5.63,0.59,3,c,7.58,48%,1.09,40%,9%
482,6.91,6.91,45%,80.25,80.25,9.36,0,0,46.36,2.06,0.21,3,c,4.96,28%,0.66,22%,6%
17,1.95,1.95,12%,,80.00,5.96,5,1,80.75,4.22,0.44,3,c,13.56,95%,1.56,60%,35%
606,5.60,5.60,36%,79.92,79.92,6.67,3,0.6,56.61,7.53,0.79,3,"d,a,c",8.48,55%,1.75,68%,-13%
712,8.43,8.43,55%,79.57,79.57,6.92,5,1,79.59,1.24,0.13,3,"d,b,c",11.51,79%,1.68,65%,14%
834,1.76,1.76,11%,79.51,79.51,6.22,3,0.6,61.79,1.73,0.18,3,"d,a",9.93,67%,0.89,31%,35%
149,9.98,9.98,65%,79.40,79.40,5.82,3,0.6,52.94,1.28,0.13,3,d,9.10,60%,1.39,52%,8%
510,6.28,6.28,41%,78.86,78.86,10.21,3,0.6,96.18,3.19,0.33,3,a,9.42,63%,1.34,51%,12%
602,8.55,8.55,56%,78.82,78.82,5.89,3,0.6,56.01,2.75,0.29,3,b,9.50,63%,1.44,55%,8%
542,11.58,11.58,76%,78.81,78.81,5.56,3,0.6,67.22,3.89,0.41,3,"c,b",12.08,83%,1.77,69%,15%
295,7.88,7.88,51%,78.48,78.48,9.58,4,0.8,94.33,6.96,0.73,3,"a,d",9.84,66%,2.04,80%,-14%
862,11.59,11.59,76%,78.34,78.34,8.97,3,0.6,97.13,3.04,0.32,3,"d,c",10.82,74%,1.68,65%,9%
504,5.78,5.78,37%,78.30,78.30,5.27,1,0.2,35.54,2.45,0.26,3,"b,d,a",6.74,42%,0.83,29%,13%
70,9.94,9.94,65%,78.16,78.16,5.66,1,0.2,53.26,4.18,0.44,3,"d,b",9.42,63%,1.29,48%,14%
969,9.27,9.27,61%,78.11,78.11,8.75,4,0.8,84.23,0.74,0.08,3,"a,c,b",9.63,64%,1.48,57%,8%
721,8.28,8.28,54%,77.93,77.93,7.44,1,0.2,53.73,4.63,0.48,3,"d,a,c",7.22,46%,1.22,46%,0%
435,7.35,7.35,48%,77.41,77.41,7.76,5,1,84.17,0.68,0.07,3,d,10.84,74%,1.55,59%,14%
522,6.39,6.39,41%,77.28,77.28,7.09,3,0.6,69.70,4.36,0.46,3,"b,d",9.83,66%,1.47,56%,10%
682,7.87,7.87,51%,77.10,77.10,9.15,3,0.6,81.27,0.41,0.04,3,c,8.88,59%,1.15,43%,16%
931,8.61,8.61,56%,76.94,76.94,9.27,3,0.6,93.90,5.57,0.58,3,"c,b",10.13,68%,1.75,68%,0%
812,7.72,7.72,50%,76.45,76.45,4.14,2,0.4,36.15,6.26,0.66,3,"d,b",8.72,57%,1.56,60%,-3%
789,5.69,5.69,37%,76.39,76.39,8.82,2,0.4,70.49,3.35,0.35,3,"b,d,a",7.99,52%,1.12,41%,10%
999,3.32,3.32,21%,75.49,75.49,5.50,1,0.2,43.15,4.22,0.44,3,c,7.84,50%,0.85,30%,21%
777,5.38,5.38,35%,74.84,74.84,8.00,3,0.6,56.70,1.08,0.11,3,b,7.09,45%,1.06,39%,6%
813,8.75,8.75,57%,74.13,74.13,9.95,2,0.4,94.09,5.24,0.55,3,"b,a",9.46,63%,1.52,58%,5%
202,7.85,7.85,51%,74.05,74.05,6.89,3,0.6,66.58,1.84,0.19,3,a,9.66,65%,1.30,49%,16%
469,3.51,3.51,22%,73.96,73.96,10.72,3,0.6,92.29,5.32,0.56,3,b,8.61,56%,1.38,52%,4%
321,5.52,5.52,36%,73.79,73.79,8.95,0,0,36.10,0.80,0.08,3,d,4.04,21%,0.44,12%,8%
224,6.85,6.85,45%,73.20,73.20,5.67,1,0.2,26.35,7.57,0.79,3,"d,b",4.65,26%,1.44,55%,-29%
531,4.81,4.81,31%,72.94,72.94,12.82,3,0.6,95.26,1.63,0.17,3,"c,b,a",7.43,47%,1.08,40%,8%
459,5.99,5.99,39%,72.77,72.77,4.48,2,0.4,46.66,3.72,0.39,3,"b,d,a",10.42,70%,1.18,44%,27%
822,8.58,8.58,56%,72.65,72.65,6.38,3,0.6,72.21,3.84,0.40,3,"d,b,c,a",11.33,77%,1.56,60%,18%
753,8.44,8.44,55%,72.42,72.42,9.07,3,0.6,67.32,1.14,0.12,3,"b,a",7.42,47%,1.27,48%,0%
683,5.23,5.23,34%,72.13,72.13,5.40,5,1,57.85,0.75,0.08,3,"d,b",10.72,73%,1.42,54%,19%
977,,5.00,32%,71.62,71.62,7.38,1,0.2,41.04,6.51,0.68,3,d,5.56,33%,1.20,45%,-12%
275,2.78,2.78,18%,71.52,71.52,10.40,0,0,69.61,3.75,0.39,3,"c,b,a",6.69,42%,0.57,18%,24%
370,3.12,3.12,20%,71.45,71.45,8.98,3,0.6,66.42,1.34,0.14,3,"b,d",7.40,47%,0.94,33%,14%
675,8.26,8.26,54%,70.16,70.16,9.27,4,0.8,118.92,4.01,0.42,3,"d,b,c,a",12.83,89%,1.76,68%,21%
16,3.99,3.99,26%,70.08,70.08,11.91,0,0,57.42,1.79,0.19,3,"d,b,c,a",4.82,27%,0.44,13%,14%
238,5.73,5.73,37%,,70.00,6.32,0,0,25.77,1.62,0.17,3,"c,b,d",4.07,21%,0.54,17%,5%
767,11.29,11.29,74%,,70.00,7.05,4,0.8,99.59,3.07,0.32,3,a,14.13,99%,1.86,73%,27%
191,3.89,3.89,25%,69.95,69.95,9.26,0,0,23.52,1.45,0.15,3,"b,c",2.54,9%,0.40,11%,-1%
785,8.94,8.94,58%,69.74,69.74,8.75,2,0.4,59.03,1.79,0.19,3,"b,a,d,c",6.75,42%,1.17,43%,-1%
198,5.46,5.46,35%,69.34,69.34,6.49,1,0.2,39.49,5.82,0.61,3,"b,a,d",6.09,37%,1.16,43%,-6%
973,3.59,3.59,23%,69.28,69.28,6.42,4,0.8,58.41,1.01,0.10,3,d,9.10,60%,1.13,42%,18%
362,9.30,9.30,61%,68.93,68.93,2.11,1,0.2,23.03,3.59,0.38,3,d,10.93,74%,1.18,44%,30%
335,1.97,1.97,12%,68.79,68.79,6.99,1,0.2,76.50,2.56,0.27,3,"d,c",10.95,75%,0.59,19%,56%
426,8.82,8.82,58%,68.59,68.59,3.79,3,0.6,35.19,1.44,0.15,3,"c,b,d",9.29,62%,1.33,50%,12%
358,5.79,5.79,37%,68.35,68.35,9.33,0,0,73.35,4.41,0.46,3,"c,b",7.86,51%,0.84,29%,21%
319,6.94,6.94,45%,68.22,68.22,8.42,3,0.6,63.15,0.70,0.07,3,"d,a,b",7.50,48%,1.12,41%,6%
325,1.99,1.99,12%,67.95,67.95,7.35,2,0.4,44.54,1.45,0.15,3,b,6.06,37%,0.67,22%,14%
760,5.84,5.84,38%,67.95,67.95,9.57,3,0.6,76.20,1.95,0.20,3,"c,b",7.97,51%,1.18,44%,8%
235,4.78,4.78,31%,67.78,67.78,7.86,3,0.6,77.41,4.89,0.51,3,"a,b",9.85,66%,1.42,54%,12%
320,0.31,0.31,1%,67.70,67.70,5.73,1,0.2,33.18,1.74,0.18,3,c,5.79,35%,0.39,10%,24%
304,11.85,11.85,78%,67.53,67.53,4.81,2,0.4,60.18,3.50,0.37,3,d,12.50,87%,1.54,59%,27%
990,4.45,4.45,29%,67.43,67.43,7.63,0,0,40.01,3.56,0.37,3,"b,a,d",5.24,30%,0.66,22%,9%
143,8.86,8.86,58%,67.35,67.35,7.46,3,0.6,86.40,3.75,0.39,3,"b,c,a",11.58,79%,1.57,60%,19%
761,4.13,4.13,26%,67.25,67.25,7.01,0,0,32.22,1.80,0.19,3,"c,a,b",4.60,25%,0.45,13%,12%
870,9.14,9.14,60%,67.24,67.24,5.06,3,0.6,42.04,0.85,0.09,3,"c,b,d",8.31,54%,1.28,48%,6%
132,1.57,1.57,9%,67.19,67.19,8.53,4,0.8,99.70,2.36,0.25,3,"c,b,a",11.70,80%,1.14,42%,38%
653,4.63,4.63,30%,67.00,67.00,9.47,3,0.6,97.06,5.02,0.53,3,"b,c",10.25,69%,1.42,54%,15%
790,9.95,9.95,65%,66.65,66.65,7.65,3,0.6,79.73,5.66,0.59,3,"d,b",10.42,70%,1.84,72%,-1%
366,6.38,6.38,41%,66.48,66.48,4.51,4,0.8,40.85,7.04,0.74,3,"b,d,c",9.06,60%,1.95,76%,-17%
327,7.00,7.00,46%,66.39,66.39,6.38,0,0,26.81,2.68,0.28,3,c,4.20,22%,0.73,25%,-3%
178,4.76,4.76,31%,66.14,66.14,7.26,5,1,90.85,3.55,0.37,3,c,12.51,87%,1.68,65%,22%
509,8.69,8.69,57%,66.11,66.11,6.19,2,0.4,70.88,2.17,0.23,3,a,11.46,78%,1.19,44%,34%
595,6.89,6.89,45%,66.10,66.10,7.19,3,0.6,61.49,0.56,0.06,3,"d,b,c",8.55,56%,1.11,41%,15%
733,12.65,12.65,83%,66.09,66.09,7.47,4,0.8,76.86,1.05,0.11,3,"d,c,a",10.30,69%,1.74,67%,2%
693,6.29,6.29,41%,66.02,66.02,6.60,1,0.2,40.46,2.37,0.25,3,"b,c,a",6.13,37%,0.85,30%,7%
563,3.37,3.37,21%,65.98,65.98,10.20,3,0.6,80.73,1.78,0.19,3,d,7.92,51%,1.00,36%,15%
113,6.57,6.57,43%,65.81,65.81,6.63,2,0.4,42.47,0.15,0.01,3,"c,b,d,a",6.40,39%,0.84,29%,10%
918,1.51,1.51,9%,65.78,65.78,6.36,1,0.2,74.22,3.93,0.41,3,d,11.66,80%,0.70,24%,56%
114,4.95,4.95,32%,65.75,65.75,5.36,0,0,14.23,6.73,0.71,3,"b,d",2.66,10%,1.02,37%,-27%
902,7.22,7.22,47%,65.70,65.70,5.77,2,0.4,42.48,2.35,0.25,3,"b,c,d",7.37,47%,1.12,41%,6%
611,7.38,7.38,48%,65.56,65.56,10.47,1,0.2,66.24,2.81,0.29,3,"b,c,a,d",6.33,39%,0.97,35%,4%
710,1.93,1.93,12%,65.22,65.22,7.95,0,0,43.06,2.13,0.22,3,"b,c,a",5.42,32%,0.34,8%,23%
491,11.15,11.15,73%,65.10,65.10,2.42,4,0.8,34.05,3.38,0.35,3,d,14.10,99%,1.88,74%,25%
273,4.44,4.44,29%,64.70,64.70,4.69,3,0.6,51.51,4.20,0.44,3,"a,d,b",10.99,75%,1.32,50%,25%
137,12.86,12.86,84%,63.81,63.81,10.12,2,0.4,86.38,2.26,0.24,3,"d,b",8.53,56%,1.48,56%,-1%
262,3.29,3.29,21%,63.59,63.59,4.38,3,0.6,31.62,0.28,0.03,3,"a,c,b,d",7.23,46%,0.84,29%,16%
908,1.41,1.41,8%,63.54,63.54,6.84,2,0.4,85.33,3.34,0.35,3,d,12.48,86%,0.83,29%,57%
106,12.55,12.55,82%,63.52,63.52,3.85,1,0.2,45.79,4.07,0.43,3,a,11.91,82%,1.45,55%,27%
928,5.13,5.13,33%,63.33,63.33,6.94,3,0.6,46.13,0.86,0.09,3,"c,b,a",6.65,41%,1.02,37%,4%
412,2.28,2.28,14%,63.32,63.32,8.25,0,0,38.70,2.61,0.27,3,"c,a,b",4.69,26%,0.41,11%,15%
501,6.44,6.44,42%,63.07,63.07,5.13,0,0,29.69,2.81,0.29,3,c,5.78,34%,0.71,24%,10%
207,8.89,8.89,58%,62.93,62.93,2.62,1,0.2,30.53,5.15,0.54,3,a,11.68,80%,1.32,50%,30%
344,9.74,9.74,64%,62.87,62.87,2.76,4,0.8,32.90,5.03,0.53,3,"a,c,b",11.93,82%,1.96,77%,5%
590,5.62,5.62,36%,60.73,60.73,9.42,2,0.4,67.51,5.87,0.62,3,b,7.17,45%,1.38,52%,-7%
976,5.45,5.45,35%,59.84,59.84,7.40,2,0.4,55.16,2.75,0.29,3,a,7.46,47%,1.04,38%,10%
987,5.20,5.20,34%,59.48,59.48,10.66,0,0,38.85,6.62,0.69,3,"a,c,b",3.65,18%,1.03,37%,-20%
797,7.12,7.12,46%,59.30,59.30,5.85,0,0,33.54,2.65,0.28,3,c,5.74,34%,0.74,25%,9%
652,6.86,6.86,45%,58.72,58.72,3.83,4,0.8,45.01,4.18,0.44,3,"d,a,c",11.76,81%,1.68,65%,16%
943,8.35,8.35,54%,58.16,58.16,12.86,1,0.2,58.61,0.43,0.04,3,"b,c,d,a",4.56,25%,0.79,27%,-2%
25,8.68,8.68,57%,57.25,57.25,10.18,1,0.2,36.01,0.01,0.00,3,"b,a,c",3.54,17%,0.77,26%,-9%
85,,4.00,26%,55.07,55.07,10.41,4,0.8,119.56,2.64,0.28,3,"c,a,b",11.49,79%,1.33,50%,29%
694,1.27,1.27,7%,53.44,53.44,7.17,3,0.6,61.72,0.88,0.09,3,"d,b,c",8.61,56%,0.77,26%,30%
5,2.19,2.19,14%,51.73,51.73,9.15,0,0,35.49,1.79,0.19,3,b,3.88,20%,0.32,8%,12%
532,4.18,4.18,27%,95.40,95.40,10.35,1,0.2,92.07,4.05,0.42,4,"b,c",8.89,59%,0.89,32%,27%
94,9.50,9.50,62%,94.03,94.03,11.47,1,0.2,89.65,6.61,0.69,4,a,7.82,50%,1.51,58%,-8%
478,5.72,5.72,37%,91.27,91.27,10.59,2,0.4,83.06,2.96,0.31,4,b,7.85,50%,1.08,40%,11%
291,11.18,11.18,73%,90.74,90.74,10.52,4,0.8,112.31,1.87,0.19,4,d,10.67,72%,1.73,67%,6%
581,4.92,4.92,32%,90.24,90.24,7.52,4,0.8,68.30,0.16,0.02,4,"a,c,b,d",9.08,60%,1.13,42%,18%
579,3.96,3.96,25%,89.84,89.84,6.59,1,0.2,52.25,3.90,0.41,4,c,7.93,51%,0.86,30%,21%
946,2.47,2.47,15%,89.72,89.72,11.21,0,0,77.39,3.89,0.41,4,"d,c,b,a",6.91,43%,0.56,18%,26%
975,5.78,5.78,37%,89.60,89.60,11.71,1,0.2,58.71,0.17,0.02,4,"d,b,a,c",5.01,29%,0.59,19%,10%
101,8.85,8.85,58%,87.86,87.86,6.81,4,0.8,86.37,4.19,0.44,4,d,12.69,88%,1.82,71%,17%
680,9.86,9.86,64%,87.45,87.45,14.10,4,0.8,148.85,6.58,0.69,4,d,10.55,71%,2.13,84%,-13%
55,7.61,7.61,50%,87.07,87.07,8.50,4,0.8,74.71,8.21,0.86,4,"c,b",8.79,58%,2.16,85%,-27%
245,6.57,6.57,43%,86.76,86.76,14.13,1,0.2,84.10,3.02,0.32,4,"b,c,d,a",5.95,36%,0.94,34%,2%
434,13.83,13.83,91%,85.96,85.96,11.30,4,0.8,140.70,3.09,0.32,4,"a,d,c,b",12.46,86%,2.03,80%,6%
621,2.45,2.45,15%,84.93,84.93,12.99,0,0,31.05,6.04,0.63,4,a,2.39,8%,0.79,27%,-19%
289,3.33,3.33,21%,84.42,84.42,11.89,1,0.2,75.72,5.26,0.55,4,b,6.37,39%,0.96,35%,4%
24,8.76,8.76,57%,83.76,83.76,11.99,3,0.6,98.52,2.44,0.26,4,c,8.22,53%,1.43,54%,-1%
571,4.74,4.74,31%,83.46,83.46,12.81,3,0.6,143.22,3.29,0.34,4,b,11.18,76%,1.25,47%,30%
363,5.75,5.75,37%,83.15,83.15,10.16,3,0.6,91.89,2.13,0.22,4,"b,a,c",9.04,60%,1.19,44%,15%
809,6.59,6.59,43%,83.13,83.13,4.81,3,0.6,57.54,4.43,0.46,4,"d,a",11.98,82%,1.49,57%,26%
458,4.24,4.24,27%,83.07,83.07,9.54,2,0.4,68.87,2.61,0.27,4,"c,b,d",7.22,46%,0.94,34%,12%
626,6.79,6.79,44%,82.77,82.77,11.23,1,0.2,91.24,3.32,0.35,4,c,8.13,53%,0.99,36%,17%
948,6.21,6.21,40%,82.42,82.42,11.87,0,0,72.79,6.17,0.65,4,c,6.13,37%,1.05,38%,-1%
160,7.83,7.83,51%,82.28,82.28,10.90,3,0.6,105.84,1.99,0.21,4,"c,b,d",9.71,65%,1.32,50%,15%
228,11.59,11.59,76%,82.16,82.16,10.85,3,0.6,118.97,3.13,0.33,4,"a,b,c",10.97,75%,1.69,65%,9%
646,8.18,8.18,53%,81.74,81.74,11.29,3,0.6,116.50,2.64,0.28,4,"c,d",10.32,70%,1.41,53%,16%
450,8.52,8.52,56%,81.66,81.66,12.54,0,0,47.55,1.96,0.20,4,c,3.79,19%,0.76,26%,-7%
671,4.49,4.49,29%,81.54,81.54,9.75,1,0.2,54.33,2.04,0.21,4,a,5.57,33%,0.70,24%,9%
784,8.31,8.31,54%,81.42,81.42,10.26,4,0.8,100.99,0.82,0.08,4,c,9.84,66%,1.43,54%,12%
158,4.58,4.58,29%,81.19,81.19,12.78,0,0,71.32,1.37,0.14,4,b,5.58,33%,0.44,12%,21%
271,5.49,5.49,35%,81.01,81.01,10.16,0,0,35.81,0.65,0.07,4,"c,d",3.52,17%,0.42,12%,5%
500,8.29,8.29,54%,80.83,80.83,9.40,3,0.6,93.10,6.27,0.66,4,d,9.91,66%,1.80,70%,-3%
71,3.67,3.67,23%,80.16,80.16,9.67,2,0.4,58.62,1.32,0.14,4,c,6.06,37%,0.77,26%,10%
148,4.64,4.64,30%,80.03,80.03,9.72,0,0,43.79,7.84,0.82,4,"c,b",4.51,25%,1.12,41%,-17%
774,4.64,4.64,30%,,80.00,8.55,3,0.6,68.02,1.88,0.20,4,b,7.95,51%,1.09,40%,11%
20,6.82,6.82,44%,,80.00,8.29,3,0.6,83.27,2.84,0.30,4,"d,c,a",10.04,68%,1.34,51%,17%
419,1.15,1.15,7%,,80.00,15.49,3,0.6,125.58,2.11,0.22,4,b,8.11,53%,0.89,31%,21%
468,6.33,6.33,41%,79.98,79.98,11.54,1,0.2,74.23,2.96,0.31,4,"d,b",6.43,40%,0.92,33%,7%
150,4.83,4.83,31%,79.66,79.66,9.53,2,0.4,81.85,3.88,0.41,4,b,8.59,56%,1.12,41%,15%
726,1.31,1.31,8%,79.65,79.65,4.41,3,0.6,39.46,0.93,0.10,4,"d,b,c",8.95,59%,0.77,27%,32%
247,7.74,7.74,50%,79.38,79.38,3.64,3,0.6,22.68,8.74,0.92,4,"b,c,a",6.23,38%,2.02,79%,-41%
56,5.48,5.48,35%,78.55,78.55,8.05,4,0.8,82.27,5.88,0.62,4,"b,a,d",10.22,69%,1.77,69%,0%
972,,3.00,19%,77.82,77.82,14.87,3,0.6,124.26,2.28,0.24,4,b,8.36,54%,1.03,37%,17%
718,7.83,7.83,51%,77.63,77.63,5.94,1,0.2,25.98,7.96,0.83,4,"c,b,d,a",4.37,24%,1.54,59%,-36%
492,0.71,0.71,4%,77.55,77.55,12.96,0,0,125.13,4.04,0.42,4,"b,c,a,d",9.66,65%,0.46,13%,51%
750,4.92,4.92,32%,77.50,77.50,13.62,3,0.6,130.70,3.53,0.37,4,b,9.60,64%,1.29,48%,16%
457,1.24,1.24,7%,77.23,77.23,11.89,1,0.2,54.32,1.11,0.11,4,"c,a",4.57,25%,0.39,10%,15%
730,9.59,9.59,63%,76.58,76.58,1.03,3,0.6,11.18,2.94,0.31,4,"a,b",10.86,74%,1.53,59%,15%
910,9.39,9.39,61%,76.31,76.31,11.02,4,0.8,103.72,0.53,0.05,4,"a,d",9.41,63%,1.47,56%,7%
385,1.12,1.12,6%,75.81,75.81,9.47,3,0.6,103.33,3.03,0.32,4,"d,c,a",10.92,74%,0.98,35%,39%
804,6.35,6.35,41%,75.23,75.23,7.68,0,0,29.74,1.12,0.12,4,"c,d,b",3.87,20%,0.53,16%,3%
866,,9.00,59%,74.62,74.62,11.41,1,0.2,70.90,2.00,0.21,4,"b,a,d",6.21,38%,1.00,36%,2%
557,4.75,4.75,31%,74.03,74.03,14.35,0,0,26.15,8.41,0.88,4,c,1.82,4%,1.19,44%,-40%
124,6.84,6.84,44%,73.98,73.98,9.20,3,0.6,90.42,6.25,0.65,4,"c,b,a",9.83,66%,1.70,66%,0%
873,6.20,6.20,40%,73.61,73.61,11.99,0,0,37.99,6.68,0.70,4,"b,c,d",3.17,14%,1.10,40%,-26%
95,7.29,7.29,47%,73.50,73.50,11.72,0,0,55.32,5.12,0.54,4,"c,b",4.72,26%,1.01,37%,-10%
241,4.65,4.65,30%,73.47,73.47,8.20,0,0,34.77,5.78,0.61,4,b,4.24,23%,0.91,32%,-10%
63,6.92,6.92,45%,72.80,72.80,12.45,0,0,110.50,4.93,0.52,4,"c,b,a",8.88,58%,0.97,35%,24%
421,5.24,5.24,34%,72.73,72.73,7.66,1,0.2,38.15,0.98,0.10,4,"c,b,d,a",4.98,28%,0.64,21%,7%
223,8.39,8.39,55%,72.65,72.65,9.11,1,0.2,56.30,2.34,0.24,4,c,6.18,38%,0.99,36%,2%
401,4.51,4.51,29%,72.47,72.47,13.08,0,0,58.09,4.06,0.43,4,"a,c,b",4.44,24%,0.72,24%,0%
945,6.17,6.17,40%,72.08,72.08,13.55,2,0.4,78.59,7.33,0.77,4,"a,d",5.80,35%,1.57,60%,-26%
19,0.91,0.91,5%,71.77,71.77,8.14,1,0.2,33.98,0.45,0.05,4,"b,a",4.18,22%,0.30,6%,16%
467,6.51,6.51,42%,71.29,71.29,7.33,3,0.6,68.95,4.45,0.47,4,"c,b,d,a",9.41,63%,1.49,57%,6%
52,2.56,2.56,16%,71.16,71.16,8.00,0,0,51.53,3.58,0.37,4,c,6.44,40%,0.54,17%,23%
605,6.84,6.84,44%,70.80,70.80,10.21,1,0.2,69.49,3.10,0.32,4,c,6.81,42%,0.97,35%,8%
311,6.50,6.50,42%,70.26,70.26,8.89,5,1,123.87,3.82,0.40,4,"a,b",13.93,98%,1.82,71%,27%
827,5.97,5.97,39%,70.13,70.13,10.94,3,0.6,97.31,5.15,0.54,4,b,8.89,59%,1.53,58%,0%
142,9.82,9.82,64%,,70.00,3.55,3,0.6,47.09,3.15,0.33,4,"d,c",13.28,93%,1.57,60%,32%
53,3.95,3.95,25%,,70.00,12.40,1,0.2,94.64,3.87,0.41,4,"c,b",7.63,49%,0.86,30%,19%
464,12.25,12.25,80%,69.97,69.97,10.76,3,0.6,75.17,9.10,0.95,4,b,6.99,44%,2.36,94%,-50%
878,6.84,6.84,44%,69.12,69.12,12.33,2,0.4,84.74,0.04,0.00,4,b,6.87,43%,0.85,30%,13%
431,8.15,8.15,53%,68.80,68.80,11.89,3,0.6,83.08,0.05,0.00,4,"d,c",6.99,44%,1.14,42%,2%
541,8.41,8.41,55%,68.74,68.74,12.61,4,0.8,131.49,6.11,0.64,4,"c,a,b",10.43,71%,1.99,78%,-7%
249,1.46,1.46,9%,68.22,68.22,2.72,2,0.4,30.00,2.25,0.23,4,a,11.01,75%,0.72,24%,51%
477,6.89,6.89,45%,67.97,67.97,7.93,4,0.8,99.16,3.54,0.37,4,"d,b,c,a",12.51,87%,1.62,62%,24%
172,2.76,2.76,17%,67.57,67.57,12.16,3,0.6,113.48,3.27,0.34,4,c,9.33,62%,1.12,41%,21%
66,8.96,8.96,58%,67.48,67.48,11.17,3,0.6,110.12,5.47,0.57,4,"b,d",9.86,66%,1.76,68%,-2%
310,6.47,6.47,42%,67.39,67.39,7.95,5,1,86.85,0.95,0.10,4,"d,b,a,c",10.93,74%,1.52,58%,16%
465,1.96,1.96,12%,67.29,67.29,10.10,2,0.4,84.77,2.92,0.31,4,b,8.40,55%,0.83,29%,26%
845,3.68,3.68,23%,67.05,67.05,9.85,4,0.8,92.17,1.67,0.17,4,"c,a",9.36,62%,1.21,45%,17%
42,1.45,1.45,9%,67.04,67.04,9.52,4,0.8,102.21,6.18,0.65,4,"c,d",10.73,73%,1.54,59%,14%
257,5.34,5.34,34%,66.96,66.96,9.97,2,0.4,99.64,3.30,0.35,4,c,9.99,67%,1.09,40%,27%
337,1.51,1.51,9%,66.13,66.13,10.17,2,0.4,106.11,1.83,0.19,4,a,10.43,71%,0.68,23%,48%
266,1.71,1.71,10%,65.98,65.98,11.69,0,0,88.56,4.84,0.51,4,"c,b,d,a",7.58,48%,0.61,20%,29%
380,1.85,1.85,11%,65.96,65.96,6.98,3,0.6,57.01,0.55,0.06,4,"d,c",8.17,53%,0.77,26%,27%
331,9.60,9.60,63%,65.80,65.80,10.09,4,0.8,102.11,1.02,0.11,4,b,10.12,68%,1.53,59%,9%
648,1.95,1.95,12%,65.54,65.54,7.68,2,0.4,83.39,2.27,0.24,4,a,10.86,74%,0.76,26%,48%
495,3.93,3.93,25%,65.44,65.44,8.95,4,0.8,92.78,2.21,0.23,4,"d,b,a",10.37,70%,1.28,48%,22%
985,5.39,5.39,35%,65.30,65.30,9.09,5,1,124.62,3.62,0.38,4,"c,d,b,a",13.71,96%,1.73,67%,29%
738,1.45,1.45,9%,64.90,64.90,12.83,2,0.4,143.94,4.18,0.44,4,c,11.22,77%,0.92,33%,44%
299,2.57,2.57,16%,64.72,64.72,9.06,1,0.2,50.35,6.52,0.68,4,"a,d,b,c",5.56,33%,1.04,38%,-5%
449,,9.00,59%,64.31,64.31,10.83,4,0.8,99.58,0.39,0.04,4,"a,d,c,b",9.20,61%,1.43,54%,7%
655,6.34,6.34,41%,64.02,64.02,2.73,2,0.4,23.03,6.16,0.65,4,"b,c,d",8.44,55%,1.46,55%,0%
741,9.45,9.45,62%,63.74,63.74,5.57,3,0.6,58.82,0.57,0.06,4,"d,c",10.55,71%,1.28,48%,24%
138,7.84,7.84,51%,62.91,62.91,10.34,0,0,54.78,2.43,0.25,4,"b,c",5.30,31%,0.76,26%,5%
988,8.14,8.14,53%,62.61,62.61,14.73,0,0,50.00,0.65,0.07,4,"d,b,c",3.39,16%,0.60,19%,-3%
276,3.62,3.62,23%,61.55,61.55,7.94,4,0.8,65.90,0.17,0.02,4,"c,b",8.30,54%,1.05,38%,16%
664,1.65,1.65,10%,60.10,60.10,9.14,1,0.2,86.76,1.33,0.14,4,d,9.50,63%,0.44,12%,51%
829,6.29,6.29,41%,58.32,58.32,11.98,3,0.6,114.56,4.84,0.51,4,"c,d,a",9.56,64%,1.51,58%,6%
706,1.90,1.90,12%,58.18,58.18,8.82,2,0.4,89.72,2.82,0.29,4,"c,d,b",10.18,69%,0.81,28%,40%
860,2.79,2.79,18%,58.12,58.12,11.86,2,0.4,85.51,5.26,0.55,4,"d,a,b",7.21,46%,1.13,42%,4%
690,4.13,4.13,26%,53.79,53.79,11.09,3,0.6,92.88,5.63,0.59,4,"b,d,c,a",8.38,55%,1.45,55%,-1%
685,7.13,7.13,46%,92.97,92.97,7.07,4,0.8,54.47,5.50,0.58,5,d,7.71,49%,1.84,72%,-22%
23,11.66,11.66,76%,92.30,92.30,13.45,3,0.6,85.12,6.66,0.70,5,"c,b,a,d",6.33,39%,2.06,81%,-42%
43,6.40,6.40,42%,89.03,89.03,11.27,0,0,39.54,5.92,0.62,5,"a,b,d",3.51,17%,1.04,38%,-21%
959,5.79,5.79,37%,88.83,88.83,15.97,0,0,36.88,1.19,0.12,5,c,2.31,8%,0.50,15%,-7%
781,3.15,3.15,20%,85.46,85.46,10.94,1,0.2,41.02,1.26,0.13,5,"a,b,c",3.75,19%,0.53,16%,2%
624,5.65,5.65,37%,81.95,81.95,8.88,1,0.2,36.73,1.99,0.21,5,"c,d,b,a",4.14,22%,0.77,27%,-5%
371,5.44,5.44,35%,81.65,81.65,10.22,1,0.2,45.06,4.83,0.51,5,"b,d,a,c",4.41,24%,1.06,39%,-15%
34,4.72,4.72,30%,80.63,80.63,11.26,2,0.4,37.46,0.07,0.01,5,b,3.33,15%,0.71,24%,-8%
7,3.62,3.62,23%,80.43,80.43,9.47,0,0,32.75,3.53,0.37,5,"b,a,c",3.46,16%,0.60,19%,-3%
183,3.35,3.35,21%,80.29,80.29,11.65,3,0.6,74.96,3.57,0.37,5,"b,d,c",6.44,40%,1.19,44%,-4%
430,5.55,5.55,36%,,80.00,8.75,0,0,40.05,3.60,0.38,5,b,4.58,25%,0.74,25%,0%
11,2.13,2.13,13%,79.80,79.80,7.28,0,0,26.29,3.90,0.41,5,"a,b,c",3.61,18%,0.54,17%,1%
9,4.32,4.32,28%,79.67,79.67,6.82,0,0,11.65,1.26,0.13,5,"b,d",1.71,3%,0.41,11%,-8%
530,12.57,12.57,82%,79.11,79.11,11.82,5,1,89.49,1.34,0.14,5,a,7.57,48%,1.96,77%,-29%
992,4.75,4.75,31%,78.66,78.66,11.71,2,0.4,75.17,3.34,0.35,5,"c,b,d,a",6.42,39%,1.05,38%,1%
659,8.73,8.73,57%,78.23,78.23,8.52,3,0.6,54.83,1.61,0.17,5,d,6.43,40%,1.34,50%,-11%
837,4.84,4.84,31%,77.51,77.51,13.02,3,0.6,70.63,2.42,0.25,5,"c,a",5.43,32%,1.17,43%,-11%
740,6.57,6.57,43%,76.48,76.48,5.49,4,0.8,30.39,0.23,0.02,5,"d,b,c",5.54,33%,1.25,47%,-14%
21,4.55,4.55,29%,76.23,76.23,11.37,2,0.4,65.68,5.02,0.53,5,b,5.78,34%,1.22,45%,-11%
30,1.83,1.83,11%,76.08,76.08,8.36,0,0,34.28,2.27,0.24,5,c,4.10,21%,0.35,9%,13%
600,8.53,8.53,56%,75.62,75.62,9.44,3,0.6,59.84,5.05,0.53,5,"b,d",6.34,39%,1.69,65%,-26%
555,6.83,6.83,44%,75.59,75.59,12.89,2,0.4,67.09,5.74,0.60,5,"c,a",5.20,30%,1.45,55%,-25%
396,5.70,5.70,37%,75.34,75.34,7.99,5,1,62.34,6.52,0.68,5,a,7.80,50%,2.05,81%,-30%
677,4.19,4.19,27%,75.21,75.21,11.57,1,0.2,44.51,2.05,0.21,5,"b,d",3.85,19%,0.68,23%,-3%
302,8.95,8.95,58%,74.83,74.83,3.23,5,1,28.74,3.57,0.37,5,c,8.90,59%,1.96,77%,-18%
676,8.68,8.68,57%,74.68,74.68,6.98,4,0.8,47.56,1.28,0.13,5,a,6.81,42%,1.50,57%,-15%
305,6.40,6.40,42%,74.26,74.26,9.57,1,0.2,44.64,2.64,0.28,5,"b,c,d",4.67,26%,0.89,32%,-6%
90,6.75,6.75,44%,74.19,74.19,12.91,1,0.2,41.94,7.34,0.77,5,"a,c",3.25,15%,1.41,53%,-39%
471,3.36,3.36,21%,73.74,73.74,7.27,2,0.4,35.29,2.54,0.27,5,d,4.85,27%,0.88,31%,-4%
709,8.34,8.34,54%,73.69,73.69,6.59,4,0.8,44.70,6.98,0.73,5,d,6.79,42%,2.08,82%,-39%
879,1.28,1.28,8%,73.06,73.06,6.54,4,0.8,63.42,4.56,0.48,5,d,9.70,65%,1.35,51%,14%
956,5.70,5.70,37%,71.96,71.96,9.81,2,0.4,36.01,0.76,0.08,5,"c,b,a,d",3.67,18%,0.85,30%,-12%
925,3.85,3.85,25%,70.58,70.58,14.16,1,0.2,39.09,8.36,0.88,5,"b,d,a,c",2.76,11%,1.32,50%,-39%
955,,2.00,12%,70.54,70.54,5.02,3,0.6,35.07,4.61,0.48,5,"d,b,c",6.99,44%,1.21,45%,-1%
339,8.34,8.34,54%,70.53,70.53,7.99,2,0.4,42.27,4.75,0.50,5,"a,d,b",5.29,31%,1.44,55%,-24%
645,4.14,4.14,27%,,70.00,9.28,4,0.8,62.58,6.07,0.64,5,"d,b,c,a",6.75,42%,1.70,66%,-24%
832,4.58,4.58,29%,69.76,69.76,9.00,1,0.2,35.80,1.75,0.18,5,"c,a",3.98,20%,0.68,22%,-2%
384,4.60,4.60,30%,68.83,68.83,7.09,5,1,48.51,6.63,0.70,5,a,6.84,43%,1.99,78%,-35%
197,5.16,5.16,33%,68.41,68.41,9.94,3,0.6,64.59,5.42,0.57,5,c,6.50,40%,1.50,57%,-17%
174,9.56,9.56,63%,67.88,67.88,7.52,5,1,47.32,8.43,0.88,5,"d,b,c",6.29,38%,2.51,100%,-62%
745,8.86,8.86,58%,66.95,66.95,7.33,2,0.4,58.59,4.88,0.51,5,"c,a",7.99,52%,1.49,57%,-5%
663,4.94,4.94,32%,66.51,66.51,6.96,5,1,46.90,1.16,0.12,5,"d,a,c",6.74,42%,1.44,55%,-13%
498,8.36,8.36,55%,66.11,66.11,9.22,2,0.4,63.54,4.41,0.46,5,"d,b,c,a",6.89,43%,1.41,53%,-10%
892,1.26,1.26,7%,66.09,66.09,8.72,2,0.4,64.51,2.28,0.24,5,"d,b",7.40,47%,0.71,24%,23%
251,2.92,2.92,18%,65.88,65.88,9.19,0,0,30.51,1.96,0.20,5,c,3.32,15%,0.39,10%,5%
514,5.56,5.56,36%,65.48,65.48,10.95,0,0,50.41,4.05,0.42,5,"d,b",4.60,25%,0.78,27%,-2%
145,6.28,6.28,41%,64.93,64.93,11.96,3,0.6,65.73,0.98,0.10,5,b,5.49,32%,1.11,41%,-9%
130,5.64,5.64,36%,64.69,64.69,5.36,4,0.8,39.16,4.86,0.51,5,c,7.31,46%,1.67,65%,-18%
161,6.40,6.40,42%,63.76,63.76,15.09,0,0,73.61,3.36,0.35,5,"c,b",4.88,27%,0.77,26%,1%
799,1.52,1.52,9%,63.62,63.62,9.68,4,0.8,77.24,3.16,0.33,5,"a,b,c,d",7.98,52%,1.22,46%,6%
446,1.81,1.81,11%,61.31,61.31,4.30,4,0.8,37.67,6.08,0.64,5,a,8.76,58%,1.55,59%,-2%
618,3.75,3.75,24%,61.03,61.03,7.89,0,0,27.79,1.80,0.19,5,c,3.52,17%,0.43,12%,5%
462,11.30,11.30,74%,59.71,59.71,4.55,3,0.6,27.89,7.01,0.73,5,"c,b,a",6.13,37%,2.08,82%,-44%
516,1.82,1.82,11%,59.08,59.08,9.41,2,0.4,41.46,6.58,0.69,5,"b,a",4.41,24%,1.20,45%,-21%
349,1.82,1.82,11%,58.81,58.81,5.26,4,0.8,50.62,3.39,0.35,5,d,9.62,64%,1.27,47%,17%
407,4.46,4.46,29%,57.23,57.23,9.04,0,0,35.18,4.90,0.51,5,"b,c,d,a",3.89,20%,0.80,28%,-8%
894,,9.00,59%,50.24,50.24,11.92,0,0,42.60,6.36,0.67,5,"b,c",3.57,17%,1.25,47%,-30%
416,3.85,3.85,25%,,100.00,9.43,5,1,70.54,5.68,0.60,6,"d,c",7.48,48%,1.84,72%,-24%
614,6.38,6.38,41%,94.13,94.13,11.57,5,1,98.67,2.89,0.30,6,"c,b",8.53,56%,1.72,66%,-11%
759,4.92,4.92,32%,93.95,93.95,9.01,1,0.2,21.55,0.34,0.03,6,"c,b,a,d",2.39,8%,0.55,17%,-9%
701,5.57,5.57,36%,93.21,93.21,6.23,4,0.8,48.86,2.41,0.25,6,d,7.84,50%,1.41,54%,-3%
225,13.11,13.11,86%,92.97,92.97,6.82,4,0.8,55.37,4.96,0.52,6,"d,a",8.12,53%,2.18,86%,-33%
673,9.82,9.82,64%,91.88,91.88,8.12,1,0.2,40.45,6.62,0.69,6,a,4.98,28%,1.54,59%,-31%
989,7.85,7.85,51%,90.78,90.78,8.59,3,0.6,45.64,0.19,0.02,6,"b,d,c,a",5.31,31%,1.13,42%,-11%
687,7.82,7.82,51%,,90.00,8.20,2,0.4,47.69,6.38,0.67,6,"d,a",5.81,35%,1.58,61%,-26%
864,,9.00,59%,,90.00,16.41,2,0.4,83.83,2.54,0.27,6,c,5.11,29%,1.25,47%,-18%
104,7.68,7.68,50%,,90.00,13.49,5,1,106.42,1.97,0.21,6,a,7.89,51%,1.71,66%,-15%
953,6.55,6.55,43%,89.69,89.69,12.27,0,0,37.30,5.37,0.56,6,d,3.04,13%,0.99,36%,-22%
57,6.19,6.19,40%,89.39,89.39,10.43,4,0.8,88.67,4.35,0.46,6,a,8.50,56%,1.66,64%,-8%
670,6.64,6.64,43%,89.26,89.26,10.97,2,0.4,52.87,6.25,0.66,6,"a,d",4.82,27%,1.49,57%,-30%
54,7.75,7.75,50%,89.10,89.10,10.58,2,0.4,60.38,1.62,0.17,6,"a,c,d",5.71,34%,1.07,39%,-5%
971,8.22,8.22,54%,88.67,88.67,9.35,3,0.6,62.68,1.69,0.18,6,"d,c,a",6.70,42%,1.31,49%,-8%
497,1.22,1.22,7%,88.29,88.29,6.96,3,0.6,34.81,1.56,0.16,6,"a,b",5.00,28%,0.83,29%,-1%
201,7.45,7.45,49%,88.13,88.13,13.32,1,0.2,63.59,5.39,0.56,6,"d,b,a",4.77,27%,1.25,47%,-20%
81,,7.00,46%,87.83,87.83,9.87,0,0,13.18,0.49,0.05,6,"c,a,b",1.34,0%,0.51,15%,-15%
4,2.62,2.62,16%,87.66,87.66,9.71,1,0.2,49.77,2.91,0.30,6,c,5.13,29%,0.67,22%,7%
61,6.59,6.59,43%,87.02,87.02,8.78,1,0.2,34.61,6.48,0.68,6,a,3.94,20%,1.31,49%,-29%
858,9.68,9.68,63%,86.77,86.77,8.69,3,0.6,68.30,3.89,0.41,6,"d,c",7.86,51%,1.64,63%,-13%
875,3.18,3.18,20%,86.49,86.49,9.49,1,0.2,51.81,3.67,0.38,6,"b,a,c,d",5.46,32%,0.79,27%,5%
448,5.31,5.31,34%,86.26,86.26,6.56,1,0.2,31.99,3.45,0.36,6,"c,b",4.88,27%,0.90,32%,-5%
32,6.53,6.53,42%,86.00,86.00,8.27,5,1,69.55,4.99,0.52,6,"d,a,c",8.41,55%,1.95,76%,-21%
556,7.81,7.81,51%,85.84,85.84,11.61,0,0,54.16,3.69,0.39,6,b,4.67,26%,0.90,32%,-6%
126,7.72,7.72,50%,85.71,85.71,10.41,2,0.4,72.73,3.40,0.36,6,"c,b,a",6.99,44%,1.26,47%,-3%
200,1.56,1.56,9%,85.59,85.59,10.89,0,0,48.83,4.90,0.51,6,"c,b,d,a",4.48,24%,0.61,20%,5%
100,7.82,7.82,51%,85.30,85.30,10.33,0,0,23.50,7.55,0.79,6,"d,b,c,a",2.27,7%,1.30,49%,-42%
269,4.67,4.67,30%,85.21,85.21,10.82,2,0.4,59.25,2.85,0.30,6,"b,d",5.48,32%,1.00,36%,-4%
218,2.47,2.47,15%,85.03,85.03,9.15,1,0.2,36.18,2.27,0.24,6,"b,d,a",3.95,20%,0.59,19%,1%
84,5.39,5.39,35%,84.68,84.68,8.68,4,0.8,68.51,3.26,0.34,6,"b,c,a",7.89,51%,1.49,57%,-6%
252,4.15,4.15,27%,84.56,84.56,6.28,2,0.4,38.02,3.82,0.40,6,"c,b",6.06,37%,1.07,39%,-2%
591,9.64,9.64,63%,84.47,84.47,5.74,4,0.8,47.63,3.29,0.34,6,b,8.29,54%,1.77,69%,-15%
135,1.74,1.74,11%,84.07,84.07,15.39,2,0.4,75.54,2.79,0.29,6,"c,a,d",4.91,28%,0.80,28%,0%
68,4.26,4.26,27%,83.99,83.99,5.78,1,0.2,22.53,2.03,0.21,6,"b,d,a",3.90,20%,0.69,23%,-3%
119,6.39,6.39,41%,83.64,83.64,8.60,2,0.4,35.89,1.17,0.12,6,b,4.17,22%,0.94,33%,-11%
222,8.93,8.93,58%,83.31,83.31,8.62,1,0.2,50.54,2.28,0.24,6,"a,b,c",5.86,35%,1.02,37%,-2%
490,6.98,6.98,45%,82.73,82.73,11.26,5,1,101.09,3.50,0.37,6,"d,c,b",8.97,59%,1.82,71%,-12%
253,9.54,9.54,62%,82.54,82.54,7.58,4,0.8,63.72,4.00,0.42,6,b,8.41,55%,1.84,72%,-17%
610,5.30,5.30,34%,82.21,82.21,8.92,2,0.4,43.41,1.86,0.19,6,"b,c,d",4.87,27%,0.94,33%,-6%
390,9.23,9.23,60%,81.84,81.84,7.20,4,0.8,57.73,4.12,0.43,6,"b,c",8.02,52%,1.83,71%,-20%
15,11.22,11.22,74%,81.74,81.74,8.06,3,0.6,50.92,1.30,0.13,6,a,6.32,39%,1.47,56%,-17%
679,7.62,7.62,50%,81.56,81.56,8.22,3,0.6,52.97,6.14,0.64,6,"d,c",6.45,40%,1.74,67%,-28%
470,4.86,4.86,31%,81.52,81.52,8.66,0,0,39.60,3.35,0.35,6,"b,c,a",4.58,25%,0.66,22%,3%
779,5.93,5.93,38%,81.48,81.48,7.43,0,0,24.27,0.78,0.08,6,d,3.27,15%,0.46,14%,1%
67,,9.00,59%,81.41,81.41,12.13,3,0.6,94.05,3.66,0.38,6,"a,b",7.75,50%,1.57,60%,-11%
394,,8.00,52%,81.34,81.34,10.67,1,0.2,53.78,3.75,0.39,6,"c,a",5.04,29%,1.11,41%,-12%
41,4.63,4.63,30%,81.32,81.32,8.89,2,0.4,56.55,4.78,0.50,6,"c,a,d,b",6.36,39%,1.20,45%,-6%
187,12.80,12.80,84%,81.11,81.11,10.31,5,1,92.94,3.78,0.40,6,"c,d",9.02,60%,2.24,88%,-29%
340,9.62,9.62,63%,81.09,81.09,9.39,2,0.4,64.56,4.00,0.42,6,b,6.88,43%,1.45,55%,-12%
742,6.55,6.55,43%,80.99,80.99,10.94,3,0.6,74.11,5.40,0.57,6,d,6.77,42%,1.59,61%,-19%
300,6.98,6.98,45%,80.92,80.92,4.72,1,0.2,20.48,5.64,0.59,6,"d,b,c",4.34,23%,1.24,47%,-23%
768,7.60,7.60,49%,80.75,80.75,12.38,4,0.8,86.60,6.63,0.69,6,"d,b",7.00,44%,1.99,78%,-34%
889,9.52,9.52,62%,80.70,80.70,7.57,3,0.6,47.53,1.19,0.12,6,"d,b,a,c",6.28,38%,1.35,51%,-12%
681,4.29,4.29,28%,80.41,80.41,13.91,2,0.4,70.17,5.70,0.60,6,b,5.04,29%,1.27,48%,-19%
524,5.42,5.42,35%,80.41,80.41,8.66,2,0.4,39.52,0.57,0.06,6,"d,a,b,c",4.56,25%,0.81,28%,-3%
0,0.72,0.72,4%,80.18,80.18,9.41,0,0,29.88,2.23,0.23,6,"c,b",3.17,14%,0.27,5%,9%
398,4.24,4.24,27%,,80.00,12.17,0,0,19.76,5.97,0.63,6,"b,d",1.62,2%,0.90,32%,-30%
496,3.99,3.99,26%,,80.00,11.08,3,0.6,40.71,8.01,0.84,6,c,3.67,18%,1.69,66%,-47%
402,3.99,3.99,26%,,80.00,11.79,0,0,53.01,2.92,0.31,6,"d,c,a",4.50,25%,0.56,18%,7%
661,1.18,1.18,7%,79.20,79.20,10.28,4,0.8,62.42,0.35,0.04,6,"a,b",6.07,37%,0.90,32%,5%
616,12.28,12.28,81%,78.95,78.95,7.58,1,0.2,44.24,2.96,0.31,6,"c,b,d",5.83,35%,1.32,50%,-15%
576,8.51,8.51,56%,78.91,78.91,9.34,3,0.6,59.31,3.41,0.36,6,"b,c",6.35,39%,1.51,58%,-19%
255,6.39,6.39,41%,78.91,78.91,6.91,0,0,30.19,2.82,0.29,6,"c,a,b",4.37,24%,0.71,24%,0%
691,4.14,4.14,27%,78.61,78.61,7.63,1,0.2,26.96,1.05,0.11,6,"c,a,b",3.53,17%,0.57,18%,-1%
731,11.20,11.20,73%,78.38,78.38,10.42,5,1,90.70,4.93,0.52,6,d,8.71,57%,2.25,89%,-32%
636,8.92,8.92,58%,78.25,78.25,7.26,1,0.2,36.48,3.54,0.37,6,b,5.02,29%,1.15,43%,-14%
549,7.84,7.84,51%,78.05,78.05,10.99,1,0.2,39.72,1.10,0.11,6,"b,a",3.62,18%,0.82,29%,-11%
48,9.24,9.24,60%,77.86,77.86,12.67,4,0.8,85.00,1.22,0.13,6,"b,c",6.71,42%,1.53,59%,-17%
60,3.51,3.51,22%,77.72,77.72,16.17,2,0.4,93.52,4.47,0.47,6,"b,c",5.78,34%,1.09,40%,-6%
994,8.69,8.69,57%,77.59,77.59,12.74,0,0,41.83,2.24,0.23,6,"b,d",3.28,15%,0.80,28%,-13%
520,5.74,5.74,37%,77.58,77.58,2.71,5,1,20.13,2.01,0.21,6,"a,d,b,c",7.44,47%,1.58,61%,-13%
823,7.42,7.42,48%,77.47,77.47,10.27,4,0.8,63.98,0.57,0.06,6,c,6.23,38%,1.34,51%,-13%
240,4.54,4.54,29%,77.34,77.34,10.66,0,0,35.68,4.46,0.47,6,"c,a,d",3.35,16%,0.76,26%,-10%
306,6.47,6.47,42%,77.16,77.16,10.21,0,0,40.29,3.11,0.33,6,"b,c",3.95,20%,0.75,25%,-5%
110,4.78,4.78,31%,76.89,76.89,11.85,3,0.6,60.00,1.72,0.18,6,"c,a,d,b",5.06,29%,1.09,40%,-11%
554,7.90,7.90,51%,76.59,76.59,4.09,3,0.6,18.29,0.56,0.06,6,"c,a,b",4.48,24%,1.17,43%,-19%
123,7.26,7.26,47%,76.55,76.55,12.19,2,0.4,49.39,0.78,0.08,6,"c,b",4.05,21%,0.95,34%,-13%
356,5.37,5.37,35%,76.40,76.40,18.31,1,0.2,77.37,2.91,0.30,6,c,4.23,22%,0.85,30%,-7%
776,5.53,5.53,36%,76.13,76.13,11.29,2,0.4,65.08,4.31,0.45,6,"b,d",5.77,34%,1.21,45%,-11%
196,11.20,11.20,73%,76.00,76.00,6.58,4,0.8,47.65,1.98,0.21,6,"c,d,b,a",7.25,46%,1.74,67%,-22%
481,4.43,4.43,28%,75.81,75.81,12.35,0,0,35.52,2.20,0.23,6,"d,c",2.88,12%,0.51,16%,-4%
129,4.84,4.84,31%,75.77,75.77,10.22,0,0,34.85,1.66,0.17,6,"b,d,c,a",3.41,16%,0.48,14%,2%
666,7.85,7.85,51%,75.75,75.75,10.37,3,0.6,64.73,2.23,0.23,6,"d,b,c",6.24,38%,1.34,51%,-13%
539,6.82,6.82,44%,75.71,75.71,10.53,0,0,29.19,5.86,0.61,6,b,2.77,11%,1.06,39%,-27%
752,6.23,6.23,40%,75.70,75.70,5.07,2,0.4,31.02,4.90,0.51,6,b,6.12,37%,1.32,50%,-12%
929,5.73,5.73,37%,75.59,75.59,11.75,1,0.2,55.36,2.42,0.25,6,c,4.71,26%,0.82,29%,-3%
374,4.46,4.46,29%,75.54,75.54,12.30,1,0.2,71.99,4.07,0.43,6,a,5.86,35%,0.91,32%,3%
787,8.37,8.37,55%,75.37,75.37,11.73,2,0.4,78.37,4.90,0.51,6,"c,d,a,b",6.68,41%,1.46,56%,-14%
838,9.37,9.37,61%,75.10,75.10,9.63,0,0,37.31,3.27,0.34,6,"b,a,d,c",3.87,20%,0.95,34%,-15%
689,,5.00,32%,74.85,74.85,5.13,5,1,45.45,3.34,0.35,6,"a,c,d",8.85,58%,1.67,65%,-6%
389,2.41,2.41,15%,74.72,74.72,12.58,1,0.2,62.33,2.91,0.30,6,b,4.96,28%,0.65,22%,7%
668,9.34,9.34,61%,74.69,74.69,10.23,4,0.8,86.47,4.04,0.42,6,"d,c",8.45,55%,1.83,71%,-16%
352,7.63,7.63,50%,74.67,74.67,11.33,4,0.8,97.50,4.27,0.45,6,"b,d,a,c",8.61,56%,1.74,68%,-11%
700,11.20,11.20,73%,74.57,74.57,7.76,2,0.4,56.90,3.73,0.39,6,d,7.34,47%,1.52,58%,-12%
455,2.76,2.76,17%,74.45,74.45,14.81,3,0.6,85.16,2.76,0.29,6,"b,d,c",5.75,34%,1.06,39%,-5%
608,1.81,1.81,11%,74.37,74.37,9.03,4,0.8,69.63,2.76,0.29,6,"b,a",7.71,49%,1.20,45%,5%
794,3.88,3.88,25%,74.30,74.30,16.32,0,0,71.38,5.91,0.62,6,"c,a,d,b",4.37,24%,0.87,31%,-7%
454,9.52,9.52,62%,74.00,74.00,11.62,5,1,98.05,2.57,0.27,6,b,8.44,55%,1.89,74%,-19%
72,8.12,8.12,53%,73.80,73.80,7.68,3,0.6,45.66,1.20,0.12,6,b,5.94,36%,1.25,47%,-11%
244,3.68,3.68,24%,73.73,73.73,7.18,4,0.8,50.19,2.39,0.25,6,b,6.99,44%,1.28,48%,-4%
111,7.27,7.27,47%,73.71,73.71,8.51,5,1,64.70,6.37,0.67,6,"c,a,b",7.61,49%,2.14,84%,-36%
79,7.49,7.49,49%,73.49,73.49,8.91,2,0.4,47.85,2.92,0.31,6,"b,d,c",5.37,31%,1.19,44%,-13%
74,3.88,3.88,25%,73.48,73.48,6.38,5,1,53.11,3.58,0.37,6,"b,c,d",8.32,54%,1.62,63%,-8%
755,4.37,4.37,28%,73.37,73.37,5.29,0,0,14.36,1.34,0.14,6,"c,a,b,d",2.71,11%,0.42,12%,-1%
258,6.67,6.67,43%,73.32,73.32,9.19,4,0.8,70.30,5.50,0.58,6,"d,c,a",7.65,49%,1.81,70%,-21%
540,6.37,6.37,41%,72.87,72.87,9.04,0,0,33.83,5.09,0.53,6,c,3.74,19%,0.95,34%,-15%
214,6.87,6.87,45%,72.70,72.70,12.30,1,0.2,48.28,2.24,0.23,6,"b,c",3.92,20%,0.88,31%,-11%
637,8.79,8.79,57%,72.60,72.60,6.94,4,0.8,51.20,2.33,0.24,6,"b,d,a",7.38,47%,1.62,62%,-15%
807,7.35,7.35,48%,72.37,72.37,12.17,3,0.6,76.71,6.41,0.67,6,"a,c,b",6.30,39%,1.75,68%,-29%
550,1.96,1.96,12%,72.12,72.12,9.56,2,0.4,35.76,6.93,0.73,6,d,3.74,19%,1.25,47%,-28%
803,13.34,13.34,88%,71.82,71.82,3.12,3,0.6,22.44,3.12,0.33,6,c,7.20,45%,1.80,70%,-25%
970,9.72,9.72,64%,71.28,71.28,8.95,1,0.2,34.89,1.01,0.10,6,c,3.90,20%,0.94,34%,-14%
98,3.81,3.81,24%,71.13,71.13,8.11,3,0.6,56.58,3.83,0.40,6,"c,a,d",6.98,44%,1.24,47%,-3%
734,8.16,8.16,53%,70.90,70.90,9.56,1,0.2,55.09,3.64,0.38,6,"d,a,c",5.76,34%,1.11,41%,-7%
820,6.36,6.36,41%,70.85,70.85,6.61,4,0.8,42.66,0.95,0.10,6,c,6.46,40%,1.31,49%,-10%
935,7.14,7.14,46%,70.76,70.76,9.72,0,0,42.68,3.69,0.39,6,"c,b",4.39,24%,0.85,30%,-6%
843,9.44,9.44,62%,70.65,70.65,5.78,2,0.4,29.65,0.26,0.03,6,"d,b",5.13,29%,1.04,38%,-9%
982,0.87,0.87,5%,70.59,70.59,7.46,0,0,16.28,6.27,0.66,6,"c,b,d,a",2.18,7%,0.71,24%,-17%
408,8.50,8.50,55%,70.58,70.58,10.61,1,0.2,60.29,3.12,0.33,6,a,5.68,34%,1.08,40%,-6%
507,5.17,5.17,33%,70.40,70.40,15.51,0,0,51.95,1.71,0.18,6,"d,b",3.35,16%,0.51,16%,0%
27,,6.00,39%,,70.00,11.01,0,0,33.72,0.66,0.07,6,b,3.06,13%,0.46,13%,0%
473,4.40,4.40,28%,,70.00,12.64,0,0,61.11,4.26,0.45,6,"d,c,b",4.83,27%,0.73,25%,2%
551,5.54,5.54,36%,69.83,69.83,6.05,4,0.8,36.68,0.06,0.00,6,"a,c",6.07,37%,1.16,43%,-6%
80,2.53,2.53,16%,69.81,69.81,9.50,0,0,29.96,0.31,0.03,6,"d,b",3.15,14%,0.19,2%,12%
116,7.43,7.43,48%,69.75,69.75,10.50,0,0,19.15,1.73,0.18,6,"c,b",1.82,4%,0.66,22%,-18%
926,5.42,5.42,35%,69.71,69.71,11.84,3,0.6,52.47,0.90,0.09,6,b,4.43,24%,1.04,38%,-14%
318,2.84,2.84,18%,69.65,69.65,10.66,0,0,41.88,2.20,0.23,6,"c,b,a",3.93,20%,0.41,11%,9%
861,7.89,7.89,51%,69.59,69.59,7.36,5,1,49.53,0.33,0.03,6,"c,b",6.73,42%,1.55,59%,-18%
915,,8.00,52%,69.36,69.36,5.63,2,0.4,24.38,0.78,0.08,6,"b,d,a",4.33,23%,1.00,36%,-13%
548,3.42,3.42,22%,69.20,69.20,10.83,0,0,32.12,6.01,0.63,6,"b,c",2.96,13%,0.85,30%,-17%
439,6.66,6.66,43%,68.72,68.72,6.34,3,0.6,34.83,0.88,0.09,6,"c,a,b,d",5.50,32%,1.12,41%,-9%
125,2.29,2.29,14%,68.65,68.65,13.84,0,0,37.92,5.44,0.57,6,"d,a,b",2.74,11%,0.71,24%,-13%
332,9.72,9.72,64%,68.38,68.38,3.98,1,0.2,32.36,4.34,0.45,6,d,8.13,53%,1.29,48%,4%
587,5.73,5.73,37%,68.31,68.31,10.16,0,0,25.24,0.97,0.10,6,a,2.48,9%,0.47,14%,-5%
802,4.97,4.97,32%,68.19,68.19,7.07,4,0.8,49.47,2.26,0.24,6,"d,c,a,b",7.00,44%,1.36,51%,-7%
553,7.60,7.60,49%,68.13,68.13,10.85,0,0,27.00,1.02,0.11,6,"b,c",2.49,9%,0.60,19%,-10%
503,3.89,3.89,25%,68.10,68.10,8.05,1,0.2,35.14,6.25,0.65,6,"c,a",4.36,23%,1.10,41%,-17%
773,1.70,1.70,10%,67.91,67.91,11.57,4,0.8,104.34,2.34,0.24,6,a,9.02,60%,1.15,42%,17%
535,7.53,7.53,49%,67.64,67.64,13.21,3,0.6,96.45,3.09,0.32,6,"a,c",7.30,46%,1.41,54%,-7%
346,6.37,6.37,41%,67.61,67.61,5.75,3,0.6,23.69,0.62,0.06,6,b,4.12,22%,1.08,39%,-18%
316,6.55,6.55,43%,67.57,67.57,13.57,2,0.4,77.14,1.11,0.11,6,"d,b",5.69,34%,0.94,34%,0%
120,6.46,6.46,42%,67.52,67.52,12.56,0,0,41.43,2.85,0.30,6,b,3.30,15%,0.72,24%,-9%
899,5.93,5.93,38%,67.50,67.50,6.08,5,1,44.40,1.92,0.20,6,"c,a",7.30,46%,1.58,61%,-15%
59,9.53,9.53,62%,67.47,67.47,12.05,3,0.6,74.11,1.22,0.13,6,"b,c,d",6.15,37%,1.35,51%,-14%
833,1.82,1.82,11%,67.26,67.26,7.74,1,0.2,61.92,3.27,0.34,6,a,8.00,52%,0.65,22%,30%
722,8.91,8.91,58%,67.00,67.00,12.74,3,0.6,87.24,2.11,0.22,6,"a,d,b",6.85,43%,1.40,53%,-10%
748,3.74,3.74,24%,66.87,66.87,6.98,4,0.8,48.40,1.49,0.15,6,"d,b",6.93,43%,1.19,44%,-1%
582,9.56,9.56,62%,66.70,66.70,6.24,2,0.4,37.12,6.15,0.64,6,"a,c,b",5.95,36%,1.67,64%,-29%
647,4.96,4.96,32%,66.69,66.69,11.99,1,0.2,57.71,3.03,0.32,6,"b,c,a,d",4.82,27%,0.84,29%,-2%
87,7.24,7.24,47%,66.63,66.63,5.54,4,0.8,43.87,5.46,0.57,6,d,7.92,51%,1.84,72%,-21%
567,1.69,1.69,10%,66.47,66.47,7.46,2,0.4,51.77,1.87,0.20,6,c,6.94,43%,0.70,23%,20%
744,11.51,11.51,75%,66.43,66.43,12.03,3,0.6,93.82,1.90,0.20,6,a,7.80,50%,1.55,60%,-9%
78,11.18,11.18,73%,66.42,66.42,9.85,4,0.8,68.35,1.05,0.11,6,"c,a",6.94,43%,1.64,63%,-20%
854,5.34,5.34,35%,66.24,66.24,10.01,5,1,74.83,5.82,0.61,6,"c,b,d",7.47,48%,1.96,77%,-29%
254,1.86,1.86,11%,66.16,66.16,9.99,4,0.8,81.42,3.11,0.32,6,"b,d,c,a",8.15,53%,1.24,46%,7%
577,12.14,12.14,80%,66.04,66.04,5.72,1,0.2,41.57,3.46,0.36,6,"a,c",7.27,46%,1.36,51%,-5%
296,5.53,5.53,36%,65.97,65.97,14.03,0,0,60.40,3.86,0.40,6,"c,d",4.31,23%,0.76,26%,-3%
194,,10.00,65%,65.20,65.20,8.99,1,0.2,72.09,4.23,0.44,6,a,8.02,52%,1.30,49%,3%
762,5.63,5.63,36%,65.04,65.04,7.22,0,0,30.13,4.37,0.46,6,a,4.17,22%,0.82,29%,-7%
895,4.33,4.33,28%,64.76,64.76,13.57,1,0.2,65.09,5.44,0.57,6,"a,c",4.80,27%,1.05,38%,-11%
697,1.98,1.98,12%,64.60,64.60,11.15,3,0.6,75.38,1.97,0.20,6,"b,d,a",6.76,42%,0.93,33%,9%
180,7.44,7.44,48%,64.46,64.46,14.86,0,0,42.30,6.73,0.71,6,"b,c",2.85,12%,1.19,44%,-32%
639,1.66,1.66,10%,64.12,64.12,4.25,2,0.4,33.61,3.14,0.33,6,a,7.90,51%,0.83,29%,22%
365,7.47,7.47,49%,64.07,64.07,10.29,5,1,79.93,2.87,0.30,6,"b,c,a,d",7.77,50%,1.79,69%,-20%
330,9.77,9.77,64%,64.06,64.06,8.88,3,0.6,68.83,4.70,0.49,6,"d,b,c",7.75,50%,1.73,67%,-17%
323,9.85,9.85,64%,64.05,64.05,9.41,2,0.4,55.51,0.25,0.03,6,a,5.90,35%,1.07,39%,-4%
622,8.54,8.54,56%,63.91,63.91,3.11,2,0.4,18.40,6.01,0.63,6,d,5.92,36%,1.59,61%,-25%
851,9.79,9.79,64%,63.74,63.74,3.02,2,0.4,23.87,5.34,0.56,6,a,7.91,51%,1.60,62%,-11%
533,5.57,5.57,36%,63.55,63.55,9.95,3,0.6,77.40,4.06,0.42,6,"b,c",7.78,50%,1.39,52%,-3%
723,3.90,3.90,25%,63.48,63.48,7.70,4,0.8,43.78,7.28,0.76,6,"c,b,d",5.69,34%,1.81,71%,-37%
869,9.58,9.58,63%,63.06,63.06,8.26,3,0.6,71.59,3.05,0.32,6,d,8.66,57%,1.55,59%,-2%
284,4.74,4.74,31%,62.91,62.91,13.55,1,0.2,58.51,5.80,0.61,6,b,4.32,23%,1.11,41%,-18%
427,1.36,1.36,8%,62.63,62.63,5.66,3,0.6,42.42,0.90,0.09,6,a,7.50,48%,0.77,27%,21%
451,8.57,8.57,56%,62.60,62.60,8.28,3,0.6,67.07,2.70,0.28,6,d,8.10,52%,1.44,55%,-2%
326,4.71,4.71,30%,62.55,62.55,12.49,0,0,49.10,2.93,0.31,6,"b,c,a,d",3.93,20%,0.61,20%,0%
485,1.91,1.91,12%,62.53,62.53,10.96,1,0.2,63.03,5.12,0.54,6,"d,c",5.75,34%,0.85,30%,4%
409,3.65,3.65,23%,62.19,62.19,10.18,1,0.2,47.61,3.07,0.32,6,"b,d",4.68,26%,0.75,26%,0%
949,11.32,11.32,74%,61.64,61.64,9.98,3,0.6,65.22,6.30,0.66,6,"d,a",6.54,40%,2.00,79%,-38%
376,6.19,6.19,40%,61.33,61.33,10.11,5,1,74.67,1.79,0.19,6,"b,d,c",7.39,47%,1.59,61%,-14%
274,9.71,9.71,63%,61.20,61.20,6.25,3,0.6,48.44,1.62,0.17,6,a,7.75,50%,1.40,53%,-3%
391,1.75,1.75,11%,60.58,60.58,12.42,0,0,55.90,3.11,0.33,6,"c,b",4.50,25%,0.43,12%,12%
91,4.41,4.41,28%,59.62,59.62,15.46,1,0.2,71.32,2.51,0.26,6,"b,a,c",4.61,25%,0.75,25%,0%
170,2.34,2.34,15%,59.46,59.46,8.82,0,0,47.41,4.14,0.43,6,d,5.38,31%,0.58,18%,13%
547,1.89,1.89,12%,59.26,59.26,8.54,3,0.6,54.50,6.39,0.67,6,c,6.38,39%,1.39,52%,-13%
410,4.92,4.92,32%,59.22,59.22,11.24,3,0.6,67.51,5.18,0.54,6,"c,b",6.00,36%,1.46,56%,-19%
395,9.78,9.78,64%,58.90,58.90,7.45,1,0.2,36.83,6.13,0.64,6,"d,a,c",4.94,28%,1.48,57%,-29%
739,11.19,11.19,73%,58.89,58.89,8.49,5,1,61.40,6.96,0.73,6,"d,b",7.23,46%,2.46,98%,-52%
1,5.41,5.41,35%,58.36,58.36,9.68,2,0.4,53.42,1.81,0.19,6,"c,b",5.52,32%,0.94,34%,-1%
392,,2.00,12%,58.22,58.22,11.86,4,0.8,103.67,4.01,0.42,6,"c,b,a",8.74,57%,1.34,51%,7%
279,6.90,6.90,45%,58.08,58.08,12.10,0,0,47.33,5.76,0.60,6,"b,d",3.91,20%,1.05,38%,-18%
868,3.54,3.54,23%,56.75,56.75,14.66,1,0.2,52.73,6.36,0.67,6,c,3.60,18%,1.09,40%,-23%
720,5.18,5.18,33%,56.20,56.20,0.88,4,0.8,7.21,4.08,0.43,6,"c,d",8.16,53%,1.56,60%,-7%
472,1.60,1.60,10%,55.66,55.66,8.90,2,0.4,31.14,0.78,0.08,6,"b,c",3.50,17%,0.58,18%,-1%
83,3.14,3.14,20%,55.49,55.49,9.64,1,0.2,29.90,1.00,0.10,6,"c,a,b",3.10,14%,0.50,15%,-1%
192,1.14,1.14,7%,55.21,55.21,7.17,3,0.6,51.15,5.14,0.54,6,"a,d",7.14,45%,1.20,45%,0%
546,4.51,4.51,29%,55.10,55.10,9.39,0,0,50.42,3.61,0.38,6,c,5.37,31%,0.67,22%,9%
667,3.37,3.37,21%,52.07,52.07,7.99,1,0.2,41.82,4.17,0.44,6,c,5.23,30%,0.85,30%,0%
14,7.37,7.37,48%,49.48,49.48,7.99,5,1,51.56,0.66,0.07,6,"d,b,c,a",6.45,40%,1.55,59%,-20%
328,8.20,8.20,53%,47.92,47.92,8.09,4,0.8,51.97,6.18,0.65,6,"d,b,c,a",6.42,39%,1.98,78%,-38%
